CUSIP,ISIN,Current Face in Local Currency in Thousand,Current Face in USD,99-20 or not,Intention,Book Price,Excluded from Analysis?
BRS6JBPM7,XS0274759652,7880," 9,954,925.62 ",No,AFS,97.9271,NO
BNY0H4RD8,XS0237880041,839," 1,059,726.18 ",No,AFS,98.4888,NO
BRS5VYLY3,XS0294785034,13853," 17,500,597.92 ",No,AFS,97.5476,NO
BRS4EUYS2,XS0308764660,4946," 6,248,070.73 ",No,AFS,98.8028,NO
38741YDF3,US38741YDF34,1697," 1,696,824.09 ",No,AFS,100.0000,NO
38741YDB2,US38741YDB20,1263," 1,262,752.82 ",No,AFS,100.0000,NO
BRS3U9NT3,XS0275790789,46136," 58,285,294.36 ",Yes,AFS,100.7163,NO
BRS56RHC9,XS0275790862,20505," 33,242,169.77 ",Yes,AFS,101.1540,NO
BRS5M6WJ5,XS0274609923,68920," 87,069,629.77 ",No,HTM,100.1491,NO
BNY1RZ4T6,XS0833089153,50000," 63,167,500.00 ",No,AFS,100.0000,NO
BNY1N57G1,NL0010200473,45000," 56,850,750.00 ",No,AFS,100.0000,NO
BNY1S6R49,XS0826174772,45000," 56,850,750.00 ",No,AFS,100.0000,NO
067605451,XS0676054546,40000," 50,534,000.00 ",No,AFS,100.4653,NO
BRS3UE026,XS0255992413,37554," 47,443,344.91 ",No,HTM,100.1654,NO
Z9158S168,XS0619302135,30000," 37,900,500.00 ",No,AFS,98.2155,NO
BRS1WGBP0,XS0233450138,24859," 31,405,662.95 ",No,HTM,97.1779,NO
BRS64R6L1,XS0292255758,32789," 41,423,984.44 ",No,HTM,100.1082,NO
BRS75PXU2,XS0207208165,21832," 27,581,792.43 ",No,HTM,100.0914,NO
BNY1S6QY4,XS0826174269,16411," 20,733,181.69 ",No,AFS,100.0000,NO
BNY1RZ4H2,XS0833086563,14993," 18,941,695.16 ",No,AFS,100.0000,NO
BRS1DNC59,XS0216513118,13402," 16,931,724.33 ",No,HTM,100.1750,NO
BRS30CEN2,XS0271028838,11281," 14,251,262.45 ",No,HTM,100.1347,NO
BNY1J7756,XS0763536116,5292," 6,686,279.88 ",No,AFS,100.0000,NO
BNY0KUBG6,XS0462896415,98000," 158,877,600.00 ",No,AFS,100.3850,NO
BNY1LTGM8,XS0790113475,75000," 121,590,000.00 ",No,AFS,100.0000,NO
BNY1F4XT6,XS0744002139,60000," 97,272,000.00 ",No,AFS,100.4776,NO
BNY1L7LQ1,XS0784928649,60000," 97,272,000.00 ",No,AFS,100.0000,NO
BNY1KL3T5,XS0765640783,48798," 79,111,463.51 ",No,AFS,100.0000,NO
BNY1PBFY8,XS0810073576,47777," 77,456,072.40 ",No,AFS,102.7084,NO
BNY1AZU99,XS0700016750,43000," 69,711,600.00 ",No,AFS,99.6430,NO
BNY1H6S08,XS0758797848,40000," 64,848,000.00 ",No,AFS,100.0000,NO
BNY1L7LP3,XS0784926437,33413," 54,169,294.46 ",No,AFS,100.0483,NO
BRS5KVZ91,XS0289300898,41751," 52,746,094.24 ",No,AFS,100.0000,NO
BNY1KAH98,XS0773366488,26829," 43,495,174.99 ",No,AFS,100.0000,NO
BRS3UZLT7,XS0298974840,21497," 27,157,809.09 ",No,AFS,100.0000,NO
BNY197AG9,XS0679914944,14000," 22,696,800.00 ",No,AFS,100.3871,NO
BRS38AWT5,XS0284076295,7892," 12,794,842.81 ",No,AFS,100.0131,NO
Z913H7V82,XS0543405590,8000," 12,969,600.00 ",No,AFS,100.4683,NO
BNY1K31B6,XS0772555677,7491," 12,143,797.98 ",No,AFS,100.0000,NO
Z915B2X58,XS0607053641,5156," 8,359,134.23 ",No,AFS,99.6691,NO
BAX159KB8,XS0252427009,4695," 7,611,332.08 ",No,AFS,100.0183,NO
BRS2MG7J8,XS0240603653,4538," 7,357,034.52 ",No,AFS,100.0517,NO
Z914NJHN0,XS0609431845,3174," 5,146,462.44 ",No,AFS,100.3347,NO
BRS2WEWR6,XS0267968658,2044," 3,313,243.65 ",No,AFS,100.0390,NO
B7A0BY527,XS0268014353,8415," 13,641,673.29 ",No,AFS,100.0170,NO
BRS47VAQ8,XS0307505601,8418," 10,634,994.80 ",No,AFS,87.7022,NO
BRS75PXY4,XS0230925736,5281," 8,265,201.84 ",No,HTM,100.7481,NO
BRS75PXW8,XS0230942665,3739," 4,723,817.25 ",No,HTM,100.6439,NO
BRS64ZZP2,XS0220953235,1741," 2,757,648.31 ",No,AFS,100.0000,NO
BRS56QZG2,XS0230220872,1004," 1,246,307.96 ",No,AFS,94.7812,NO
BRS56Q6M1,XS0298412841,73613," 92,998,639.55 ",No,AFS,100.0096,NO
BNY1T4V30,XS0843322594,46297," 75,055,986.31 ",No,AFS,100.0000,NO
B7A0BY1C9,XS0291723400,31591," 39,911,004.54 ",No,AFS,100.0000,NO
BRS170M63,XS0217567766,21980," 35,633,726.48 ",No,HTM,100.1587,NO
Z9175S613,XS0693779802,15126," 24,522,664.32 ",No,AFS,103.0132,NO
BNY0J4VP4,XS0310515258,13814," 22,395,123.62 ",No,AFS,87.2412,NO
BNY0J4VQ2,XS0310515506,13480," 17,029,419.75 ",No,AFS,85.2572,NO
BRS2CEEZ0,XS0246902885,9510," 12,014,422.85 ",No,HTM,100.0000,NO
BRS1VB5D6,XS0157588210,2996," 4,857,925.80 ",No,HTM,100.1410,NO
BRS0CY9D5,XS0149246125,3118," 5,054,253.12 ",No,HTM,100.2380,NO
BRS2WB0E6,XS0246905391,3000," 3,790,050.00 ",No,HTM,100.0000,NO
BRS2XB492,XS0183653756,2059," 3,337,718.45 ",No,HTM,100.0459,NO
BRS3TQH23,XS0286335996,55000," 69,484,250.00 ",No,AFS,97.7484,NO
13975DAD7,,5910," 5,910,000.00 ",No,AFS,99.9865,NO
13975FAD2,,3000," 3,000,000.00 ",No,AFS,99.9961,NO
139742AD2,,2500," 2,500,000.00 ",No,AFS,99.9978,NO
13975FAA8,,8000," 8,000,000.00 ",No,AFS,100.0000,NO
13975DAK1,,1627," 1,626,622.22 ",No,AFS,100.0000,NO
44890RAD3,,30000," 30,000,000.00 ",No,AFS,99.9818,NO
02005BAD8,,28260," 28,260,000.00 ",No,AFS,99.9897,NO
44890HAD5,,27000," 27,000,000.00 ",No,AFS,100.1955,NO
65476GAD4,,25136," 25,136,000.00 ",No,AFS,100.0189,NO
34529YAC0,,25045," 25,045,000.00 ",No,AFS,100.1161,NO
02006EAD1,,25000," 25,000,000.00 ",No,AFS,100.1258,NO
92867LAD4,,25000," 25,000,000.00 ",No,AFS,99.9784,NO
34530MAA7,,24000," 24,000,000.00 ",No,AFS,99.9768,NO
43813CAD2,,24000," 24,000,000.00 ",No,AFS,99.9998,NO
02005EAD2,,23821," 23,821,000.00 ",No,AFS,100.3979,NO
89231NAD5,,22000," 22,000,000.00 ",No,AFS,99.9970,NO
98158QAD8,,21000," 21,000,000.00 ",No,AFS,99.9757,NO
65477MAD0,,23100," 23,100,000.00 ",No,AFS,99.9886,NO
34530AAD7,,18410," 18,410,000.00 ",No,AFS,99.9933,NO
43813UAD2,US43813UAD28,18013," 18,013,000.00 ",No,AFS,100.6923,NO
44890KAD8,,18000," 18,000,000.00 ",No,AFS,99.9888,NO
02006AAD9,US02006AAD90,17834," 17,834,000.00 ",No,AFS,100.6135,NO
14313JAD3,,17446," 17,446,000.00 ",No,AFS,100.5304,NO
34530HAD2,,17000," 17,000,000.00 ",No,AFS,99.9787,NO
43813EAD8,,15270," 15,270,000.00 ",No,AFS,100.1231,NO
98157HAC1,,15000," 15,000,000.00 ",No,AFS,99.9898,NO
44614TAD4,,15000," 15,000,000.00 ",No,AFS,99.9999,NO
43813XAD6,,14710," 14,710,000.00 ",No,AFS,100.0761,NO
34529WAD2,,13242," 13,242,000.00 ",No,AFS,100.4778,NO
14312AAD3,US14312AAD37,11633," 11,633,000.00 ",No,AFS,100.9775,NO
34530GAE2,,14600," 14,600,000.00 ",No,AFS,99.9933,NO
43814EAD7,,11000," 11,000,000.00 ",No,AFS,99.9786,NO
14313KAD0,,10000," 10,000,000.00 ",No,AFS,99.9887,NO
14313MAD6,,9500," 9,500,000.00 ",No,AFS,99.9819,NO
587680AD1,,8560," 8,560,000.00 ",No,AFS,99.9920,NO
65475QAD3,US65475QAD34,8454," 8,454,000.00 ",No,AFS,101.1340,NO
02006CAC7,,7000," 7,000,000.00 ",No,AFS,100.1443,NO
98160KAD7,,7000," 7,000,000.00 ",No,AFS,99.9873,NO
31679GAD1,,4000," 4,000,000.00 ",No,AFS,99.9867,NO
65477LAD2,,4000," 4,000,000.00 ",No,AFS,99.9818,NO
14313NAD4,,4000," 4,000,000.00 ",No,AFS,99.9964,NO
44890LAD6,,4000," 4,000,000.00 ",No,AFS,99.9751,NO
89236RAD1,,4000," 4,000,000.00 ",No,AFS,99.9789,NO
90327BAD4,,3680," 3,680,000.00 ",No,AFS,99.9902,NO
44890QAD5,,3500," 3,500,000.00 ",No,AFS,99.9803,NO
34530EAD9,,3500," 3,500,000.00 ",No,AFS,99.9882,NO
34530DAD1,,3405," 3,405,000.00 ",No,AFS,99.9930,NO
43814FAD4,,3000," 3,000,000.00 ",No,AFS,99.9898,NO
58768WAD1,,2555," 2,555,000.00 ",No,AFS,99.9865,NO
14313PAD9,,2475," 2,475,000.00 ",No,AFS,99.9925,NO
43812XAD7,,2000," 2,000,000.00 ",No,AFS,99.9869,NO
98160NAD1,,2000," 2,000,000.00 ",No,AFS,99.9767,NO
92867PAD5,,1500," 1,500,000.00 ",No,AFS,99.9867,NO
02006MAD3,,1480," 1,480,000.00 ",No,AFS,99.9743,NO
03063XAD7,,13687," 13,686,565.87 ",No,AFS,100.0387,NO
03064XAC8,,2936," 2,935,747.54 ",No,AFS,99.9914,NO
03064XAE4,,2345," 2,345,000.00 ",No,AFS,99.9842,NO
02006MAH4,,1311," 1,311,304.83 ",No,AFS,100.0000,NO
03061UAC7,,12584," 12,583,989.44 ",No,AFS,100.2438,NO
80283GAC8,,12000," 12,000,000.00 ",No,AFS,99.9987,NO
80282WAE0,,11200," 11,200,000.00 ",No,AFS,100.2009,NO
03063WAE7,,10000," 10,000,000.00 ",No,AFS,99.9959,NO
80282XAC2,,2267," 2,267,391.09 ",No,AFS,100.1610,NO
80282XAE8,,6800," 6,800,000.00 ",No,AFS,99.9853,NO
03065BAC5,,6000," 6,000,000.00 ",No,AFS,99.9933,NO
03061UAE3,,5000," 5,000,000.00 ",No,AFS,99.9964,NO
03063WAD9,,5000," 5,000,000.00 ",No,AFS,99.9949,NO
80282UAC8,,2444," 2,443,853.99 ",No,AFS,99.9974,NO
80283CAC7,,211," 210,514.85 ",No,AFS,99.9975,NO
80281CAD7,,3400," 3,400,000.00 ",No,AFS,99.9991,NO
96041UAB8,,1432," 1,432,315.17 ",No,AFS,99.9951,NO
03065CAC3,,1725," 1,725,000.00 ",No,AFS,99.9950,NO
03065EAD7,,1700," 1,700,000.00 ",No,AFS,99.9904,NO
80283HAC6,,1480," 1,480,000.00 ",No,AFS,99.9923,NO
80281CAC9,,3428," 3,427,862.16 ",No,AFS,100.0000,NO
03065EAC9,,3295," 3,294,611.28 ",No,AFS,100.0000,NO
17305EFE0,US17305EFE05,24000," 24,000,000.00 ",No,AFS,100.7844,NO
17305EEE1,US17305EEE14,15000," 15,000,000.00 ",No,AFS,115.7612,NO
161571FK5,,15000," 15,000,000.00 ",No,AFS,99.9909,NO
254683AC9,US254683AC94,17756," 17,756,000.00 ",No,AFS,111.8667,NO
14041NDX6,US14041NDX66,15250," 15,250,000.00 ",No,AFS,112.5774,NO
17305EFC4,US17305EFC49,10000," 10,000,000.00 ",No,AFS,100.3551,NO
254683AY1,,10000," 10,000,000.00 ",No,AFS,99.9946,NO
17305EEW1,,9000," 9,000,000.00 ",No,AFS,99.9691,NO
17305EDY8,US17305EDY86,9100," 9,100,000.00 ",No,AFS,112.2631,NO
161571GC2,,6365," 6,365,000.00 ",No,AFS,99.9842,NO
14041NEM9,,6000," 6,000,000.00 ",No,AFS,99.9915,NO
161571FL3,,5000," 5,000,000.00 ",No,AFS,99.9986,NO
02582JGJ3,,1000," 1,000,000.00 ",No,AFS,99.9920,NO
161571GH1,,75000," 75,000,000.00 ",No,AFS,100.0000,NO
05522RCQ9,,75000," 75,000,000.00 ",No,AFS,100.0000,NO
17305EFB6,,58000," 58,000,000.00 ",No,AFS,100.0000,NO
161571GB4,,56000," 56,000,000.00 ",No,AFS,100.0000,NO
254683BG9,,50000," 50,000,000.00 ",No,AFS,100.0000,NO
254683BF1,,50500," 50,500,000.00 ",No,AFS,100.0000,NO
17305EFP5,,45000," 45,000,000.00 ",No,AFS,100.0000,NO
06742LAA1,,35000," 35,000,000.00 ",No,AFS,100.0000,NO
26250GAD8,,63000," 63,000,000.00 ",No,AFS,100.0445,NO
02587AAC8,US02587AAC80,30000," 30,000,000.00 ",No,AFS,99.9629,NO
02582JGG9,,23000," 23,000,000.00 ",No,AFS,100.0000,NO
32113CBD1,,20000," 20,000,000.00 ",No,AFS,100.0000,NO
02587AAE4,,15000," 15,000,000.00 ",No,AFS,100.0000,NO
14041NDT5,US14041NDT54,10900," 10,900,000.00 ",No,AFS,99.3144,NO
254683AW5,,10000," 10,000,000.00 ",No,AFS,100.0000,NO
161571FH2,,10000," 10,000,000.00 ",No,AFS,100.0000,NO
254683AX3,,10000," 10,000,000.00 ",No,AFS,100.0000,NO
161571FM1,,10000," 10,000,000.00 ",No,AFS,100.0000,NO
14041NCT6,US14041NCT63,10000," 10,000,000.00 ",No,AFS,98.6246,NO
161571BR4,US161571BR49,10000," 10,000,000.00 ",No,AFS,98.8681,NO
02587AAG9,US02587AAG94,9500," 9,500,000.00 ",No,AFS,100.0774,NO
17305EFA8,,9000," 9,000,000.00 ",No,AFS,100.0000,NO
254683BC8,,8000," 8,000,000.00 ",No,AFS,100.0000,NO
14041NDG3,US14041NDG34,7734," 7,734,000.00 ",No,AFS,99.4683,NO
161571CU6,US161571CU68,5000," 5,000,000.00 ",No,AFS,101.7074,NO
17305EEK7,US17305EEK73,4720," 4,720,000.00 ",No,AFS,101.7321,NO
14041NEK3,US14041NEK37,20000," 20,000,000.00 ",No,AFS,99.9256,NO
02587TAD5,,2000," 2,000,000.00 ",No,AFS,100.0000,NO
36159JDH1,,15000," 15,000,000.00 ",No,AFS,99.9709,NO
36159JDL2,,11000," 11,000,000.00 ",No,AFS,99.9550,NO
981464CJ7,US981464CJ72,10000," 10,000,000.00 ",No,AFS,105.5329,NO
36159JCS8,US36159JCS87,9540," 9,540,000.00 ",No,AFS,100.1609,NO
17308BAN8,US17308BAN82,9000," 9,000,000.00 ",No,AFS,103.9861,NO
981464DB3,US981464DB38,4000," 4,000,000.00 ",No,AFS,99.6758,NO
981464DX5,,3450," 3,450,000.00 ",No,AFS,99.9993,NO
981464DS6,US981464DS62,2515," 2,515,000.00 ",No,AFS,98.2667,NO
36159JDQ1,US36159JDQ13,1000," 1,000,000.00 ",No,AFS,97.6114,NO
36159JDB4,,19050," 19,050,000.00 ",No,AFS,100.0000,NO
02005ACS5,US02005ACS50,16210," 16,210,000.00 ",No,AFS,100.2661,NO
02005AAF5,US02005AAF57,10000," 10,000,000.00 ",No,AFS,104.2589,NO
34528QAQ7,US34528QAQ73,7518," 7,518,000.00 ",No,AFS,102.9912,NO
34528QCX0,US34528QCX07,5000," 5,000,000.00 ",No,AFS,99.9893,NO
34528QCW2,,73875," 73,875,000.00 ",No,AFS,100.1349,NO
02005AEA2,,50000," 50,000,000.00 ",No,AFS,100.0000,NO
02005ADN5,,40000," 40,000,000.00 ",No,AFS,100.0000,NO
34528QDF8,,32000," 32,000,000.00 ",No,AFS,100.0000,NO
02005ADU9,,28000," 28,000,000.00 ",No,AFS,100.0000,NO
34528QCE2,US34528QCE26,20500," 20,500,000.00 ",No,AFS,100.0175,NO
05564UAH3,US05564UAH32,15250," 15,250,000.00 ",No,AFS,100.1946,NO
02005ADE5,US02005ADE55,15000," 15,000,000.00 ",No,AFS,99.9060,NO
65474VAE1,,11000," 11,000,000.00 ",No,AFS,100.0000,NO
44921QAB2,US44921QAB23,5000," 5,000,000.00 ",No,AFS,100.0000,NO
36159LCF1,US36159LCF13,14165," 14,165,000.00 ",No,AFS,100.0456,NO
36159LCC8,US36159LCC81,10350," 10,350,000.00 ",No,AFS,100.0701,NO
63938PAH2,,28000," 28,000,000.00 ",No,AFS,100.0000,NO
65477KAD4,,3500," 3,500,000.00 ",No,AFS,99.9991,NO
96328UAK2,,3000," 3,000,000.00 ",No,AFS,99.9978,NO
58768DAD3,,3000," 3,000,000.00 ",No,AFS,99.9848,NO
02006KAD7,,3000," 3,000,000.00 ",No,AFS,99.9900,NO
92867NAE8,,2000," 2,000,000.00 ",No,AFS,99.9869,NO
44890PAD7,,1900," 1,900,000.00 ",No,AFS,99.9969,NO
34530FAE4,,1750," 1,750,000.00 ",No,AFS,99.9999,NO
73328XAD1,,1000," 1,000,000.00 ",No,AFS,99.9981,NO
98160LAC7,,908," 907,678.00 ",No,AFS,100.0000,NO
65477KAC6,,807," 807,450.77 ",No,AFS,100.0000,NO
34530FAC8,,762," 762,314.67 ",No,AFS,100.0000,NO
78447XAA2,,2432," 2,431,606.33 ",No,AFS,100.0000,NO
64033JAA3,,23321," 23,320,817.09 ",No,AFS,100.0000,NO
78442GQZ2,,50000," 50,000,000.00 ",No,AFS,100.2051,NO
78442GJS6,,49045," 49,045,000.00 ",No,AFS,99.8837,NO
69339PAA9,,46272," 45,689,882.50 ",No,AFS,100.0000,NO
78448BAB7,,25000," 25,000,000.00 ",No,AFS,99.8707,NO
28140DAB9,,24699," 24,699,422.73 ",No,AFS,99.5793,NO
78447GAB7,,31467," 31,466,627.71 ",No,AFS,99.8956,NO
78445JAA5,US78445JAA51,22957," 22,956,945.53 ",No,AFS,103.7215,NO
78448CAG4,,21500," 21,500,000.00 ",No,AFS,100.0000,NO
78442GLX2,,35870," 35,870,000.00 ",No,AFS,100.3482,NO
78444YAC9,US78444YAC93,20411," 20,411,365.72 ",No,AFS,101.5983,NO
78448AAA1,,22733," 22,732,550.83 ",No,AFS,100.1260,NO
49130NCH0,,18052," 18,051,562.50 ",No,AFS,99.3664,NO
78442GMS2,US78442GMS20,18204," 18,204,281.36 ",No,AFS,100.1155,NO
78442GKS4,US78442GKS48,16558," 16,558,449.80 ",No,AFS,99.8165,NO
78442GKM7,US78442GKM77,16080," 16,079,695.36 ",No,AFS,100.0000,NO
78445AAD8,US78445AAD81,15000," 15,000,000.00 ",No,AFS,105.0560,NO
78444YAD7,US78444YAD76,24000," 24,000,000.00 ",No,AFS,104.0733,NO
78442GRG3,US78442GRG37,15485," 15,485,111.01 ",No,AFS,100.0002,NO
78442GRN8,US78442GRN87,15382," 15,382,057.14 ",No,AFS,99.9778,NO
78447AAA2,US78447AAA25,14665," 14,664,578.43 ",No,AFS,100.9551,NO
78446YAA1,US78446YAA10,25155," 25,154,209.15 ",No,AFS,100.9887,NO
78442GMD5,US78442GMD50,14515," 14,515,201.04 ",No,AFS,100.0377,NO
78442GPP5,US78442GPP53,12222," 12,221,838.38 ",No,AFS,98.7553,NO
78442GLH7,US78442GLH73,11303," 11,302,692.64 ",No,AFS,98.7677,NO
78445FAB1,US78445FAB13,9503," 9,503,147.85 ",No,AFS,100.3816,NO
64032HAD2,US64032HAD26,9000," 9,000,000.00 ",No,AFS,103.5033,NO
78443YAB2,US78443YAB20,9133," 9,132,824.88 ",No,AFS,99.8767,NO
78443VAE2,US78443VAE20,9000," 9,000,000.00 ",No,AFS,95.7024,NO
36156HAQ1,,7879," 7,879,444.90 ",No,AFS,99.7236,NO
78443VAD4,US78443VAD47,8392," 8,392,458.44 ",No,AFS,99.7534,NO
78442GPG5,US78442GPG54,8000," 8,000,000.00 ",No,AFS,97.4515,NO
78442GPF7,US78442GPF71,7758," 7,757,522.58 ",No,AFS,99.9323,NO
83149EAD9,US83149EAD94,7718," 7,718,336.79 ",No,AFS,99.9460,NO
86386MAY0,US86386MAY03,7149," 7,149,459.35 ",No,AFS,101.6307,NO
78444GAB0,US78444GAB05,7399," 7,398,529.58 ",No,AFS,100.3591,NO
78444CAC7,US78444CAC73,7000," 7,000,000.00 ",No,AFS,99.8995,NO
78446JAA4,US78446JAA43,12197," 12,196,652.43 ",No,AFS,100.3469,NO
78447YAC6,,6000," 6,000,000.00 ",No,AFS,99.3968,NO
78447KAB8,,6000," 6,000,000.00 ",No,AFS,99.9521,NO
78443HAD5,US78443HAD52,5520," 5,520,248.14 ",No,AFS,99.9511,NO
78448BAC5,,5400," 5,400,000.00 ",No,AFS,99.4013,NO
78444GAC8,US78444GAC87,5300," 5,300,000.00 ",No,AFS,101.4498,NO
78443XAB4,US78443XAB47,5259," 5,258,746.72 ",No,AFS,99.9091,NO
78447KAC6,,5000," 5,000,000.00 ",No,AFS,100.0000,NO
78442GPA8,US78442GPA84,4780," 4,780,052.44 ",No,AFS,99.9151,NO
78442GSC1,US78442GSC14,4575," 4,574,984.94 ",No,AFS,99.7889,NO
78442GLQ7,,4365," 4,364,943.77 ",No,AFS,99.9439,NO
78447MAB4,US78447MAB46,4000," 4,000,000.00 ",No,AFS,99.6310,NO
78443GAD7,US78443GAD79,3301," 3,300,982.99 ",No,AFS,99.7974,NO
78446WAC1,US78446WAC10,3000," 3,000,000.00 ",No,AFS,101.9883,NO
78447YAB8,,3000," 3,000,000.00 ",No,AFS,99.8527,NO
78442GLV6,,2645," 2,644,548.48 ",No,AFS,100.0772,NO
78443YAC0,US78443YAC03,2660," 2,660,000.00 ",No,AFS,98.7585,NO
78444CAB9,US78444CAB90,2615," 2,614,668.23 ",No,AFS,100.1127,NO
78442GQP4,US78442GQP45,2589," 2,588,706.64 ",No,AFS,99.4335,NO
78447GAC5,US78447GAC50,1900," 1,900,000.00 ",No,AFS,100.2918,NO
83714RBA0,,267," 266,962.81 ",No,AFS,99.7570,NO
78442GRU2,US78442GRU21,1640," 1,639,763.45 ",No,AFS,99.9784,NO
78444EAB5,US78444EAB56,1439," 1,438,905.74 ",No,AFS,100.0437,NO
78445CAB8,US78445CAB81,1080," 1,080,077.77 ",No,AFS,100.4456,NO
784442AB1,US784442AB10,931," 931,336.41 ",No,AFS,100.1944,NO
83149EAE7,US83149EAE77,600," 600,000.00 ",No,AFS,97.6681,NO
78443KAD8,US78443KAD81,563," 563,125.72 ",No,AFS,99.7781,NO
78444XAB3,US78444XAB38,537," 536,560.57 ",No,AFS,100.1677,NO
78448DAA5,,25168," 25,167,775.24 ",No,AFS,100.0618,NO
784419AE3,US784419AE32,8610," 8,609,752.22 ",No,AFS,89.8844,NO
78446XAA3,,6715," 6,714,785.07 ",No,AFS,100.1123,NO
78446DAA7,US78446DAA72,5778," 5,777,656.65 ",No,AFS,100.0256,NO
78447BAA0,,5430," 5,430,054.78 ",No,AFS,100.0000,NO
78446VAA7,US78446VAA70,3574," 3,574,202.23 ",No,AFS,100.5844,NO
78446TAA2,USU82903AA07,3057," 3,056,843.77 ",No,AFS,100.4968,NO
78447VAA6,,2172," 2,172,238.97 ",No,AFS,100.0000,NO
617451FM6,US617451FM61,5000," 5,000,000.00 ",No,AFS,100.0000,NO
12591UAJ2,US12591UAJ25,5000," 5,000,000.00 ",No,AFS,106.4715,NO
07387BFS7,US07387BFS79,4965," 4,964,864.05 ",No,AFS,104.8274,NO
46641WBA4,,5000," 5,000,000.00 ",No,AFS,102.9098,NO
92890FAY2,,5000," 5,000,000.00 ",No,AFS,102.9832,NO
17322VAW6,,5000," 5,000,000.00 ",No,AFS,102.9578,NO
46639NAW1,US46639NAW11,5000," 5,000,000.00 ",No,AFS,96.4966,NO
52108HQ23,US52108HQ231,5000," 5,000,000.00 ",No,AFS,100.0000,NO
90349DAB8,,5000," 5,000,000.00 ",No,AFS,101.4995,NO
36197XAQ7,US36197XAQ79,5000," 5,000,000.00 ",No,AFS,102.7606,NO
92890NAT6,,5000," 5,000,000.00 ",No,AFS,102.0173,NO
17320DAS7,US17320DAS71,5000," 5,000,000.00 ",No,AFS,102.6333,NO
46639YAW7,,10000," 10,000,000.00 ",No,AFS,99.3937,NO
12624XAD0,,5000," 5,000,000.00 ",No,AFS,102.6805,NO
92890PAJ3,,8000," 8,000,000.00 ",No,AFS,102.0225,NO
52108H3F9,US52108H3F95,4155," 4,154,595.54 ",No,AFS,100.5708,NO
46640JAP2,,4524," 4,524,000.00 ",No,AFS,100.8302,NO
61745MW41,US61745MW419,2964," 2,963,809.36 ",No,AFS,100.7129,NO
17318UAB0,,4470," 4,470,000.00 ",No,AFS,101.7755,NO
46638UAM8,US46638UAM80,4000," 4,000,000.00 ",No,AFS,104.9250,NO
61690KAE2,,4155," 4,155,000.00 ",No,AFS,102.6741,NO
225458DN5,US225458DN59,4000," 4,000,000.00 ",No,AFS,100.2178,NO
46640LAB8,,3858," 3,858,000.00 ",No,AFS,102.1087,NO
92938CAH0,,3750," 3,750,000.00 ",No,AFS,99.9941,NO
20173WAE8,US20173WAE84,3131," 3,131,449.59 ",No,AFS,104.5670,NO
07387MAG4,US07387MAG42,3300," 3,300,000.00 ",No,AFS,102.4773,NO
60688BAD0,US60688BAD01,3000," 3,000,000.00 ",No,AFS,105.6688,NO
22545LAD1,US22545LAD10,3056," 3,055,546.80 ",No,AFS,102.5651,NO
92979FAD2,US92979FAD24,2901," 2,901,000.00 ",No,AFS,104.2188,NO
52108H2U7,US52108H2U71,1015," 1,014,976.01 ",No,AFS,100.5784,NO
61761DAH5,US61761DAH52,3000," 3,000,000.00 ",No,AFS,105.3081,NO
17318UAG9,,3000," 3,000,000.00 ",No,AFS,102.1933,NO
96221QAF0,,3000," 3,000,000.00 ",No,AFS,102.7985,NO
12624QAC7,US12624QAC78,3000," 3,000,000.00 ",No,AFS,98.7342,NO
59022HJK9,US59022HJK95,2202," 2,201,601.00 ",No,AFS,100.0217,NO
46625YQR7,US46625YQR70,2970," 2,970,000.00 ",No,AFS,101.8720,NO
61690KAK8,,3000," 3,000,000.00 ",No,AFS,103.1337,NO
46625YUA9,US46625YUA99,2896," 2,896,182.16 ",No,AFS,101.9043,NO
94988HAC5,,3000," 3,000,000.00 ",No,AFS,102.0445,NO
12626GAP8,US12626GAP81,2500," 2,500,000.00 ",No,AFS,102.8016,NO
225470F73,US225470F737,2590," 2,590,000.00 ",No,AFS,103.1446,NO
90268TAA2,,2509," 2,508,999.51 ",No,AFS,99.9999,NO
46628FAM3,US46628FAM32,2500," 2,500,000.00 ",No,AFS,102.3330,NO
46625YXQ1,US46625YXQ15,1690," 1,690,272.67 ",No,AFS,100.0156,NO
617451AF6,US617451AF65,2439," 2,439,161.55 ",No,AFS,102.0693,NO
46635GAA8,US46635GAA85,2271," 2,271,043.32 ",No,AFS,100.5782,NO
92937EAH7,,2570," 2,570,000.00 ",No,AFS,102.7641,NO
61745M6E8,,1507," 1,507,425.69 ",No,AFS,100.0056,NO
46631BAD7,US46631BAD73,2320," 2,320,000.00 ",No,AFS,101.8919,NO
05950VAB6,US05950VAB62,2248," 2,248,343.48 ",No,AFS,100.0000,NO
617458AN4,US617458AN43,2000," 2,000,000.00 ",No,AFS,99.3140,NO
46625YCV3,US46625YCV39,1103," 1,102,730.60 ",No,AFS,100.0000,NO
61761QAK9,,2130," 2,130,000.00 ",No,AFS,101.9021,NO
52108H6W9,US52108H6W91,2038," 2,038,465.85 ",No,AFS,102.0833,NO
46640JAW7,,2000," 2,000,000.00 ",No,AFS,94.6308,NO
12626GAR4,,1835," 1,835,000.00 ",No,AFS,99.3070,NO
05947UX29,US05947UX296,1373," 1,373,402.01 ",No,AFS,100.0103,NO
059511AB1,US059511AB13,2444," 2,444,022.61 ",No,AFS,100.1655,NO
46631QAC6,US46631QAC69,1173," 1,172,868.97 ",No,AFS,100.1417,NO
396789JU4,US396789JU46,860," 859,826.09 ",No,AFS,100.5085,NO
61762DAU5,US61762DAU54,1781," 1,781,000.00 ",No,AFS,98.4660,NO
96221QAK9,,1664," 1,664,000.00 ",No,AFS,97.5699,NO
55313KAD3,US55313KAD37,1317," 1,317,480.37 ",No,AFS,101.4453,NO
17321JAH7,US17321JAH77,1200," 1,200,000.00 ",No,AFS,97.6792,NO
12624XAT5,,1310," 1,310,000.00 ",No,AFS,99.7574,NO
22546NAB0,US22546NAB01,1268," 1,267,958.01 ",No,AFS,102.6472,NO
12624KAC0,US12624KAC09,1179," 1,179,000.00 ",No,AFS,100.1302,NO
90270YAL3,,1170," 1,170,000.00 ",No,AFS,102.6557,NO
361849F56,US361849F561,50," 49,750.37 ",No,AFS,100.0000,NO
12591KAK1,,1000," 1,000,000.00 ",No,AFS,101.2835,NO
92976BDV1,US92976BDV18,1000," 1,000,000.00 ",No,AFS,106.7330,NO
20047RAQ6,US20047RAQ65,50000," 50,000,000.00 ",No,AFS,100.0000,NO
61752LAB1,US61752LAB18,6000," 5,999,846.61 ",No,AFS,100.0000,NO
617451BR9,US617451BR94,50110," 50,110,000.00 ",No,AFS,99.6601,NO
07387BFU2,US07387BFU26,37750," 37,750,000.00 ",No,AFS,100.1820,NO
36228CWX7,US36228CWX72,45500," 45,500,000.00 ",No,AFS,101.3760,NO
61745M6G3,US61745M6G32,49512," 49,512,000.00 ",No,AFS,100.9548,NO
50179MAG6,US50179MAG69,30264," 30,264,000.00 ",No,AFS,99.1044,NO
07387JAG1,US07387JAG13,24903," 24,903,000.00 ",No,AFS,100.1089,NO
07387JAE6,US07387JAE64,34719," 34,718,864.21 ",No,AFS,102.5847,NO
46625YQT3,US46625YQT37,25000," 25,000,000.00 ",No,AFS,100.0465,NO
05950VAC4,US05950VAC46,25000," 25,000,000.00 ",No,AFS,100.0899,NO
61750HAE6,US61750HAE62,22447," 22,446,948.46 ",No,AFS,99.4402,NO
55312TAC7,US55312TAC71,20689," 20,689,000.00 ",No,AFS,100.1319,NO
92976BBN1,US92976BBN10,19115," 19,115,190.32 ",No,AFS,102.8968,NO
059511AC9,US059511AC95,20000," 20,000,000.00 ",No,AFS,100.0924,NO
50180CAD2,US50180CAD20,28830," 28,830,000.00 ",No,AFS,105.5888,NO
05950EAC2,US05950EAC21,18006," 18,006,194.55 ",No,AFS,100.0493,NO
61750CAF4,US61750CAF41,15403," 15,402,723.42 ",No,AFS,99.6074,NO
20047RAE3,US20047RAE36,30000," 30,000,000.00 ",No,AFS,106.1848,NO
07388NAE6,US07388NAE67,15338," 15,337,671.07 ",No,AFS,104.8464,NO
617458AE4,US617458AE44,15000," 15,000,000.00 ",No,AFS,103.2876,NO
46631QAD4,US46631QAD43,14943," 14,942,719.00 ",No,AFS,107.4887,NO
61750WAX1,US61750WAX11,27190," 27,189,695.13 ",No,AFS,104.1890,NO
12631DBB8,,15000," 15,000,000.00 ",No,AFS,104.1018,NO
52108RAE2,US52108RAE27,19669," 19,669,362.28 ",No,AFS,104.4887,NO
20173MAE0,US20173MAE03,14508," 14,507,738.16 ",No,AFS,103.3987,NO
46642EAY2,,15000," 15,000,000.00 ",No,AFS,103.3849,NO
36198EAB1,,15000," 15,000,000.00 ",No,AFS,102.3838,NO
59022HFY3,US59022HFY36,13626," 13,626,167.72 ",No,AFS,101.0084,NO
90349DAD4,,15000," 15,000,000.00 ",No,AFS,102.0691,NO
92930RBB7,,15000," 15,000,000.00 ",No,AFS,102.0757,NO
20173QAE1,US20173QAE17,12749," 12,749,000.00 ",No,AFS,106.3839,NO
46630VAD4,US46630VAD47,12000," 12,000,000.00 ",No,AFS,104.0938,NO
46625YVU4,US46625YVU45,13028," 13,027,573.43 ",No,AFS,100.0000,NO
50179AAE7,US50179AAE73,11835," 11,834,838.87 ",No,AFS,103.8687,NO
90270YBF5,,12434," 12,434,000.00 ",No,AFS,102.2396,NO
46630JAC3,US46630JAC36,11354," 11,353,667.48 ",No,AFS,105.0834,NO
46632HAD3,US46632HAD35,11115," 11,115,000.00 ",No,AFS,104.2560,NO
92937EAZ7,,12200," 12,200,000.00 ",No,AFS,102.1984,NO
61756UAE1,US61756UAE10,10858," 10,857,992.65 ",No,AFS,109.4583,NO
23305YBB4,US23305YBB48,21000," 21,000,000.00 ",No,AFS,101.3027,NO
36828QQD1,US36828QQD15,9866," 9,866,496.40 ",No,AFS,100.0361,NO
07387BEB5,,9743," 9,743,183.85 ",No,AFS,103.2579,NO
61754JAF5,US61754JAF57,10000," 10,000,000.00 ",No,AFS,107.6585,NO
07388QAE9,US07388QAE98,20000," 20,000,000.00 ",No,AFS,104.6421,NO
60688CAE6,US60688CAE66,10000," 10,000,000.00 ",No,AFS,111.0815,NO
50177AAE9,US50177AAE91,10000," 10,000,000.00 ",No,AFS,103.5420,NO
61751XAE0,US61751XAE04,9864," 9,864,293.08 ",No,AFS,105.0335,NO
46629PAC2,US46629PAC23,9867," 9,866,573.43 ",No,AFS,102.6256,NO
55312VAD0,US55312VAD01,10000," 10,000,000.00 ",No,AFS,103.0661,NO
46630EAC4,US46630EAC49,20000," 20,000,000.00 ",No,AFS,103.1831,NO
20048EAY7,US20048EAY77,10905," 10,905,000.00 ",No,AFS,100.4833,NO
46640LAJ1,,10000," 10,000,000.00 ",No,AFS,99.5865,NO
05950EAE8,US05950EAE86,9960," 9,960,000.00 ",No,AFS,104.5511,NO
92978PAE9,US92978PAE97,9830," 9,829,568.89 ",No,AFS,104.4166,NO
07387MAE9,US07387MAE93,9946," 9,946,406.17 ",No,AFS,103.6172,NO
46641WAV9,,10000," 10,000,000.00 ",No,AFS,102.9829,NO
17318UAD6,,14650," 14,650,000.00 ",No,AFS,102.1650,NO
14986DAF7,US14986DAF78,8944," 8,943,989.43 ",No,AFS,104.4652,NO
46629MAF2,US46629MAF23,9301," 9,300,536.05 ",No,AFS,104.5819,NO
46629GAE8,US46629GAE89,9700," 9,699,539.26 ",No,AFS,105.1916,NO
396789LL1,US396789LL19,10035," 10,035,000.00 ",No,AFS,101.8494,NO
36191YAZ1,US36191YAZ16,10000," 10,000,000.00 ",No,AFS,100.3980,NO
07388LAE0,US07388LAE02,9558," 9,558,432.56 ",No,AFS,104.3358,NO
12623SAB6,,10345," 10,345,000.00 ",No,AFS,101.6104,NO
361849Q39,US361849Q394,10000," 10,000,000.00 ",No,AFS,100.0313,NO
12625KAL9,,10000," 10,000,000.00 ",No,AFS,102.7055,NO
36228CVV2,,10000," 10,000,000.00 ",No,AFS,100.0360,NO
90269GAC5,US90269GAC50,10000," 10,000,000.00 ",No,AFS,104.2472,NO
61751NAF9,US61751NAF96,9329," 9,329,000.00 ",No,AFS,105.1289,NO
52109RBM2,US52109RBM25,15433," 15,432,874.29 ",No,AFS,108.1086,NO
07388VAE8,US07388VAE83,9205," 9,205,000.00 ",No,AFS,106.8447,NO
190749AE1,US190749AE17,9051," 9,051,239.61 ",No,AFS,101.7859,NO
61761DAB8,US61761DAB82,10000," 10,000,000.00 ",No,AFS,101.8767,NO
46628FAF8,US46628FAF80,9350," 9,350,000.00 ",No,AFS,103.2472,NO
12624PAC9,US12624PAC95,10000," 10,000,000.00 ",No,AFS,101.5645,NO
46625YZX4,US46625YZX48,8791," 8,791,477.14 ",No,AFS,103.7464,NO
22545MAD9,US22545MAD92,8642," 8,642,438.62 ",No,AFS,102.3581,NO
05952AAE4,US05952AAE47,8000," 8,000,000.00 ",No,AFS,106.6125,NO
36248FAN2,US36248FAN24,8000," 8,000,000.00 ",No,AFS,113.6742,NO
225458DM7,US225458DM76,6342," 6,341,820.94 ",No,AFS,100.7040,NO
059513AE1,US059513AE18,7803," 7,803,069.62 ",No,AFS,104.7887,NO
92976BDT6,US92976BDT61,8188," 8,187,766.12 ",No,AFS,101.8750,NO
07387BCJ0,US07387BCJ08,8470," 8,469,953.92 ",No,AFS,100.0000,NO
05950XAE6,US05950XAE67,7840," 7,840,064.00 ",No,AFS,108.5710,NO
92890FAU0,,15000," 15,000,000.00 ",No,AFS,104.9469,NO
46641BAE3,,8000," 8,000,000.00 ",No,AFS,102.7903,NO
46639EAB7,,8300," 8,300,000.00 ",No,AFS,101.8779,NO
17322VAT3,,8000," 8,000,000.00 ",No,AFS,102.9572,NO
05947UX37,US05947UX379,7830," 7,830,000.00 ",No,AFS,102.1084,NO
46627QBA5,US46627QBA58,13570," 13,569,655.47 ",No,AFS,102.9700,NO
46639JAE0,,8000," 8,000,000.00 ",No,AFS,102.6898,NO
61757LAE0,US61757LAE02,6970," 6,970,000.00 ",No,AFS,109.2415,NO
233050AN3,US233050AN33,7431," 7,431,185.54 ",No,AFS,102.6527,NO
12626LAC6,,7309," 7,309,000.00 ",No,AFS,102.6236,NO
46636VAB2,,7195," 7,195,406.84 ",No,AFS,100.5032,NO
46636VAD8,,7000," 7,000,000.00 ",No,AFS,100.7578,NO
46637WAD5,US46637WAD56,7137," 7,137,000.00 ",No,AFS,101.6485,NO
36828QQE9,US36828QQE97,7000," 7,000,000.00 ",No,AFS,102.6635,NO
22545DAD9,US22545DAD93,6595," 6,594,665.14 ",No,AFS,101.7473,NO
61761AAZ1,US61761AAZ12,7000," 7,000,000.00 ",No,AFS,101.7517,NO
46625YUC5,US46625YUC55,6750," 6,750,000.00 ",No,AFS,101.1975,NO
17311QBK5,US17311QBK58,6300," 6,300,000.00 ",No,AFS,106.1026,NO
50179MAE1,US50179MAE12,6317," 6,317,000.00 ",No,AFS,105.9605,NO
23305XAH4,US23305XAH44,6000," 6,000,000.00 ",No,AFS,107.0361,NO
46629YAC3,US46629YAC30,6035," 6,035,362.41 ",No,AFS,108.1716,NO
12624PAL9,US12624PAL94,6500," 6,500,000.00 ",No,AFS,104.5205,NO
05950EAG3,US05950EAG35,6000," 6,000,000.00 ",No,AFS,102.6389,NO
396789JW0,US396789JW02,6350," 6,350,000.00 ",No,AFS,100.3425,NO
92937FAD3,,6435," 6,435,000.00 ",No,AFS,102.6930,NO
929766WL3,US929766WL37,4007," 4,007,454.14 ",No,AFS,100.0000,NO
05947U2R8,US05947U2R86,6046," 6,046,077.02 ",No,AFS,102.3831,NO
61745M3F8,US61745M3F85,8067," 8,067,516.06 ",No,AFS,100.7774,NO
12626GAB9,,6000," 6,000,000.00 ",No,AFS,102.5333,NO
46634SAD7,US46634SAD71,6000," 6,000,000.00 ",No,AFS,102.1314,NO
225470NM1,US225470NM11,5880," 5,880,000.00 ",No,AFS,100.0262,NO
92976VAE8,US92976VAE83,5715," 5,714,757.98 ",No,AFS,103.9130,NO
46635TAK8,US46635TAK88,5600," 5,600,000.00 ",No,AFS,105.2600,NO
9297664T7,US9297664T70,5650," 5,650,000.00 ",No,AFS,101.3284,NO
52108HYK4,US52108HYK49,5377," 5,377,195.09 ",No,AFS,99.2128,NO
46634GAB7,US46634GAB77,5000," 5,000,000.00 ",No,AFS,108.2435,NO
61761QAE3,,5675," 5,675,000.00 ",No,AFS,102.6792,NO
46625YSH7,US46625YSH70,5350," 5,350,000.00 ",No,AFS,101.0237,NO
52108H3H5,US52108H3H51,10120," 10,120,000.00 ",No,AFS,101.3905,NO
92938GAE8,,5250," 5,250,000.00 ",No,AFS,102.8043,NO
07388PAE1,US07388PAE16,5000," 5,000,000.00 ",No,AFS,109.9683,NO
46640LAK8,,5170," 5,170,000.00 ",No,AFS,96.9834,NO
12626LAW2,,10000," 10,000,000.00 ",No,AFS,97.5599,NO
059511AD7,US059511AD78,4877," 4,877,407.22 ",No,AFS,100.0931,NO
20048EBC4,US20048EBC49,5255," 5,255,000.00 ",No,AFS,105.2717,NO
61763BAX2,US61763BAX29,5000," 5,000,000.00 ",No,AFS,106.6867,NO
12592GBD4,,5000," 5,000,000.00 ",No,AFS,102.9902,NO
38172QAC8,US38172QAC87,160," 160,176.82 ",No,AFS,15.4474,NO
09202EAA4,,76," 76,072.01 ",No,AFS,0.0100,NO
131248AC0,US131248AC01,52494," 52,494,459.16 ",No,AFS,97.1129,NO
26250CAS4,,50000," 50,000,000.00 ",No,AFS,100.0000,NO
14309QAQ4,,50000," 50,000,000.00 ",No,AFS,100.0000,NO
38173AAL2,,50000," 50,000,000.00 ",No,AFS,100.0000,NO
92327JAC5,US92327JAC53,50000," 50,000,000.00 ",No,AFS,96.2523,NO
381425AA5,US381425AA58,47004," 47,004,300.85 ",No,AFS,95.8935,NO
00083VAC5,US00083VAC54,46184," 46,184,021.77 ",No,AFS,98.1851,NO
86176YAB8,US86176YAB83,43128," 43,127,950.15 ",No,AFS,98.8199,NO
15642PAB2,US15642PAB22,38958," 38,957,827.65 ",No,AFS,98.3604,NO
384895AJ7,,35000," 35,000,000.00 ",No,AFS,100.0000,NO
67590GAA7,US67590GAA76,35000," 35,000,000.00 ",No,AFS,98.9855,NO
04012LAB7,US04012LAB71,32854," 32,853,928.27 ",No,AFS,97.6622,NO
00191MAA8,,32000," 32,000,000.00 ",No,AFS,99.1697,NO
85431TAA4,US85431TAA43,30365," 30,365,258.29 ",No,AFS,96.9264,NO
31683VAA8,,30000," 30,000,000.00 ",No,AFS,99.4825,NO
00175LAA0,,30000," 30,000,000.00 ",No,AFS,99.7992,NO
00176DAA7,,30000," 30,000,000.00 ",No,AFS,99.5685,NO
87158YAC6,US87158YAC66,30000," 30,000,000.00 ",No,AFS,99.8828,NO
67104LAA5,US67104LAA52,30000," 30,000,000.00 ",No,AFS,99.1960,NO
36248MAA5,US36248MAA53,30000," 30,000,000.00 ",No,AFS,99.0958,NO
675919AA2,US675919AA23,28500," 28,500,000.00 ",No,AFS,97.1110,NO
363637AB5,,25000," 25,000,000.00 ",No,AFS,100.0000,NO
03761LAA4,US03761LAA44,25128," 25,127,737.05 ",No,AFS,99.7043,NO
44985YAA0,US44985YAA01,25000," 25,000,000.00 ",No,AFS,100.0000,NO
40536AAA4,,25000," 25,000,000.00 ",No,AFS,99.7660,NO
965249AA3,,25000," 25,000,000.00 ",No,AFS,99.9019,NO
50183UAH0,,20000," 20,000,000.00 ",No,AFS,100.0000,NO
64129KAC1,,20000," 20,000,000.00 ",No,AFS,99.6782,NO
14954TAA1,,20000," 20,000,000.00 ",No,AFS,99.3819,NO
219239AA8,US219239AA80,20000," 20,000,000.00 ",No,AFS,97.2132,NO
67400VAC0,,20000," 20,000,000.00 ",No,AFS,97.7880,NO
957160AA2,US957160AA21,16605," 16,604,537.39 ",No,AFS,97.6698,NO
64129FAP3,,19000," 19,000,000.00 ",No,AFS,100.0000,NO
64129FAR9,,18000," 18,000,000.00 ",No,AFS,100.0000,NO
15136PAA7,,17000," 17,000,000.00 ",No,AFS,98.8500,NO
03764UAC7,,15000," 15,000,000.00 ",No,AFS,99.7634,NO
05344AAN1,,15000," 15,000,000.00 ",No,AFS,100.0000,NO
42983MAA2,,15000," 15,000,000.00 ",No,AFS,100.0000,NO
96525UAA5,,15000," 15,000,000.00 ",No,AFS,99.3533,NO
23222TAA8,,15000," 15,000,000.00 ",No,AFS,99.6545,NO
08180EAA2,,15000," 15,000,000.00 ",No,AFS,98.7367,NO
62405TAA5,,15000," 15,000,000.00 ",No,AFS,97.5489,NO
87244DAA2,,15000," 15,000,000.00 ",No,AFS,98.0738,NO
92329NAA8,,15000," 15,000,000.00 ",No,AFS,97.9194,NO
42983MAB0,,15000," 15,000,000.00 ",No,AFS,98.0186,NO
62431UAC6,,14500," 14,500,000.00 ",No,AFS,98.3312,NO
05615MAA5,US05615MAA53,8628," 8,627,536.21 ",No,AFS,99.7042,NO
67105HAA3,,12000," 12,000,000.00 ",No,AFS,99.2938,NO
04012VAA7,US04012VAA70,9969," 9,969,086.26 ",No,AFS,98.3153,NO
36319VAA9,US36319VAA98,11500," 11,500,000.00 ",No,AFS,99.6737,NO
12627UAB7,,11500," 11,500,000.00 ",No,AFS,99.5263,NO
806713AC7,US806713AC79,11615," 11,614,504.48 ",No,AFS,98.3847,NO
19964LAA5,US19964LAA52,9257," 9,257,031.76 ",No,AFS,97.3481,NO
363637AC3,,10000," 10,000,000.00 ",No,AFS,100.0000,NO
443677AC3,USG4640LAB02,10000," 10,000,000.00 ",No,AFS,100.0000,NO
44986EAA3,US44986EAA38,10000," 10,000,000.00 ",No,AFS,99.7266,NO
053633AB9,,10000," 10,000,000.00 ",No,AFS,99.5361,NO
00163GAA5,US00163GAA58,10000," 10,000,000.00 ",No,AFS,99.7562,NO
50183JAB8,US50183JAB89,10000," 10,000,000.00 ",No,AFS,99.2402,NO
64129JAC4,,10000," 10,000,000.00 ",No,AFS,98.1708,NO
44985LAB6,US44985LAB62,9000," 9,000,000.00 ",No,AFS,98.9754,NO
199648AB2,US199648AB21,9000," 9,000,000.00 ",No,AFS,95.4924,NO
14844QAA1,US14844QAA13,6467," 6,467,274.67 ",No,AFS,99.2725,NO
38172NAA9,US38172NAA90,7998," 7,998,251.68 ",No,AFS,96.1030,NO
51829TAL2,,5862," 5,862,421.48 ",No,AFS,95.0991,NO
75157EAA0,US75157EAA01,8000," 8,000,000.00 ",No,AFS,96.2169,NO
000831AA5,US000831AA52,7020," 7,020,264.54 ",No,AFS,99.8565,NO
87158FAC7,,7000," 7,000,000.00 ",No,AFS,98.8174,NO
871557AA2,US871557AA25,6169," 6,169,302.86 ",No,AFS,96.9692,NO
48601MAJ2,US48601MAJ27,5543," 5,542,816.26 ",No,AFS,94.6250,NO
873189AB0,US873189AB00,5990," 5,990,000.00 ",No,AFS,93.6119,NO
66859AAA8,US66859AAA88,5457," 5,457,220.59 ",No,AFS,98.5774,NO
896223AE4,,5000," 5,000,000.00 ",No,AFS,97.3614,NO
82835AAE6,US82835AAE64,5000," 5,000,000.00 ",No,AFS,93.6366,NO
578470AB2,US578470AB29,1526," 1,525,519.81 ",No,AFS,99.1059,NO
09624SAG0,US09624SAG03,4046," 4,045,670.12 ",No,AFS,95.9304,NO
42823CAB6,US42823CAB63,2770," 2,770,389.40 ",No,AFS,99.1063,NO
804075AA7,US804075AA78,3801," 3,800,673.53 ",No,AFS,96.9935,NO
363206AA1,US363206AA10,4254," 4,253,775.54 ",No,AFS,96.2050,NO
92328WAM3,US92328WAM38,4038," 4,038,161.19 ",No,AFS,96.4240,NO
67073VAA0,US67073VAA08,2969," 2,969,081.56 ",No,AFS,98.8513,NO
53225WAA5,US53225WAA53,1848," 1,847,713.89 ",No,AFS,99.2350,NO
G0338MAA5,USG0338MAA56,824," 824,209.26 ",No,AFS,99.4711,NO
05615YAA9,US05615YAA91,3203," 3,203,299.26 ",No,AFS,99.9800,NO
965248AA5,US965248AA53,1173," 1,173,498.81 ",No,AFS,99.4574,NO
26358EAA0,US26358EAA01,2622," 2,621,787.57 ",No,AFS,98.6624,NO
62388XAA7,US62388XAA72,2647," 2,646,607.75 ",No,AFS,98.3595,NO
361803AC3,,2264," 2,263,606.76 ",No,AFS,99.9998,NO
363637AA7,,2250," 2,250,000.00 ",No,AFS,100.0000,NO
50182BAA8,US50182BAA89,1455," 1,454,802.90 ",No,AFS,98.5196,NO
269491AC0,,386," 385,818.01 ",No,AFS,97.7513,NO
62874GAA5,US62874GAA58,496," 495,828.85 ",No,AFS,99.2285,NO
BRSBZKHC9,USG2228MAA48,13367," 10,733,662.17 ",No,AFS,96.4000,NO
G54061AA7,USG54061AA78,8526," 8,525,567.89 ",No,AFS,98.2182,NO
G0032KAA8,USG0032KAA81,11579," 11,578,775.00 ",No,AFS,98.4523,NO
BNY08YSD1,USG1999AAA90,4619," 4,619,481.90 ",No,AFS,99.2801,NO
14955AAA1,,35000," 35,000,000.00 ",No,AFS,99.7020,NO
40538FAC7,,30000," 30,000,000.00 ",No,AFS,99.7002,NO
04962FAJ3,,10000," 10,000,000.00 ",No,AFS,100.0000,NO
67400XAB8,,10000," 10,000,000.00 ",No,AFS,98.0261,NO
40538FAA1,,4000," 4,000,000.00 ",No,AFS,100.0000,NO
67590RAC9,,45000," 45,000,000.00 ",No,AFS,99.6709,NO
67400XAA0,,40000," 40,000,000.00 ",No,AFS,100.0000,NO
05618LAA4,,40000," 40,000,000.00 ",No,AFS,99.9502,NO
3623413Y3,,17885," 17,884,714.36 ",Yes,AFS,69.5720,NO
46628LAW8,,2070," 2,069,524.21 ",Yes,AFS,73.3900,NO
05948XXW6,,243," 242,672.05 ",No,AFS,100.0000,NO
22541QZ96,,140," 139,785.95 ",No,AFS,100.0000,NO
22541QT77,,131," 131,189.64 ",Yes,AFS,91.7480,NO
12669DC89,US12669DC891,119," 118,771.18 ",No,AFS,100.0000,NO
06050HC63,,80," 80,386.91 ",No,AFS,100.0000,NO
589929D62,,269," 269,162.62 ",No,AFS,100.0000,NO
576433UE4,,60723," 60,722,926.16 ",No,AFS,98.6299,NO
05946XXP3,US05946XXP31,14283," 14,283,292.00 ",Yes,AFS,68.7120,NO
05949ARD4,US05949ARD45,8274," 8,274,270.76 ",Yes,AFS,97.3525,NO
05948XPJ4,US05948XPJ45,1071," 1,071,277.57 ",No,AFS,100.0000,NO
885220EW9,,8119," 8,118,711.19 ",No,AFS,100.0000,NO
59020UUK9,US59020UUK95,7789," 7,788,880.57 ",Yes,AFS,97.3247,NO
92922FBW7,US92922FBW77,5757," 5,757,387.51 ",No,AFS,99.3538,NO
9292274D5,,4872," 4,872,326.50 ",No,AFS,99.9929,NO
05949ADF4,,3101," 3,101,477.31 ",Yes,AFS,97.7690,NO
86359BAD3,,2031," 2,031,466.96 ",No,AFS,100.0000,NO
929227WQ5,,1803," 1,802,711.96 ",Yes,AFS,98.6520,NO
9292276K7,US9292276K70,1275," 1,274,767.61 ",No,AFS,99.6151,NO
0605067L0,,1132," 1,131,916.66 ",No,AFS,100.0000,NO
22541Q2A9,,987," 986,716.92 ",No,AFS,100.0000,NO
05948XKL4,,775," 775,440.97 ",No,AFS,100.0000,NO
36242DKV4,,1020," 1,020,026.40 ",Yes,AFS,74.4850,NO
05948JAG7,,651," 650,604.57 ",No,AFS,100.0000,NO
22541NXX2,,659," 659,408.37 ",Yes,AFS,78.5850,NO
86359AC43,,468," 467,889.00 ",Yes,AFS,83.2150,NO
06050HKP2,,430," 429,717.54 ",No,AFS,100.0000,NO
362341LC1,US362341LC13,1107," 1,107,307.03 ",Yes,AFS,97.0050,NO
05948XKX8,,723," 723,234.91 ",No,AFS,100.0000,NO
59024WAD9,US59024WAD92,9969," 9,969,103.80 ",No,AFS,99.3664,NO
94979WAA7,US94979WAA71,3779," 3,778,889.83 ",No,HTM,100.0000,NO
06050HXQ6,,1303," 1,303,465.00 ",No,AFS,100.0000,NO
0605067G1,US0605067G14,692," 691,718.43 ",No,AFS,100.0000,NO
362341DZ9,,12345," 12,344,876.26 ",Yes,AFS,78.6170,NO
05949QAB1,,3033," 3,033,035.21 ",Yes,AFS,25.1100,NO
36228FV94,US36228FV943,2280," 2,279,808.88 ",Yes,AFS,93.8740,NO
07387AEG6,US07387AEG67,12988," 12,988,398.12 ",Yes,AFS,89.3320,NO
05949CKQ8,,13253," 13,253,399.85 ",Yes,AFS,78.0250,NO
743873AY7,,9022," 9,022,109.45 ",Yes,AFS,91.7850,NO
05949QBK0,,13395," 13,395,003.59 ",Yes,AFS,45.8960,NO
94985TAA6,US94985TAA60,17355," 17,355,469.84 ",Yes,AFS,70.4830,NO
12543RAN9,US12543RAN98,15698," 15,698,417.95 ",Yes,AFS,50.9800,NO
05948XZC8,,521," 520,622.47 ",No,AFS,100.0000,NO
12544LAB7,US12544LAB71,15721," 15,720,557.45 ",Yes,AFS,32.0740,NO
12544VAF6,US12544VAF67,14336," 14,335,609.70 ",Yes,AFS,52.2960,NO
52521RBN0,US52521RBN08,19546," 19,545,772.61 ",Yes,AFS,55.1060,NO
362636BB7,US362636BB77,18564," 18,564,004.05 ",Yes,AFS,49.5960,NO
05951GAP7,US05951GAP72,15336," 15,336,307.76 ",Yes,AFS,62.1170,NO
3622MPBG2,US3622MPBG24,21960," 21,959,653.04 ",Yes,AFS,40.3275,NO
3622MWAV5,US3622MWAV50,16252," 16,251,521.24 ",Yes,AFS,47.7050,NO
52521RBR1,US52521RBR12,12623," 12,623,196.79 ",Yes,AFS,47.4420,NO
362334HJ6,,13344," 13,343,973.33 ",Yes,AFS,53.4900,NO
05950RBC2,US05950RBC25,9067," 9,066,699.95 ",Yes,AFS,64.6470,NO
05948XQ53,,369," 369,023.40 ",No,AFS,100.0000,NO
3623418F9,,12688," 12,688,085.88 ",Yes,AFS,53.3590,NO
126694MY1,,8376," 8,376,263.86 ",Yes,AFS,51.0850,NO
12544DAL3,US12544DAL38,7707," 7,707,166.47 ",Yes,AFS,21.8410,NO
362341WF2,,9761," 9,761,315.60 ",Yes,AFS,70.6320,NO
36298NAB0,US36298NAB01,13558," 13,557,655.30 ",Yes,AFS,43.2870,NO
9292275B8,US9292275B80,5351," 5,351,449.92 ",No,AFS,100.0000,NO
36242D6X6,,5301," 5,300,841.09 ",No,AFS,100.0896,NO
05952FAA1,US05952FAA12,7195," 7,194,695.47 ",Yes,AFS,61.7580,NO
3622X7AA4,US3622X7AA48,10293," 10,292,649.61 ",Yes,AFS,39.1240,NO
05948JAB8,US05948JAB89,386," 385,544.80 ",No,AFS,100.0000,NO
36298BAB6,,6320," 6,319,943.32 ",Yes,AFS,59.5920,NO
92922FGY8,,3404," 3,404,222.07 ",No,AFS,100.0000,NO
86359DNZ6,,3414," 3,413,510.04 ",Yes,AFS,26.3230,NO
3623418J1,,5157," 5,157,469.16 ",Yes,AFS,58.8920,NO
172973N21,,2920," 2,919,575.88 ",Yes,AFS,100.0031,NO
362341T25,,5111," 5,111,069.19 ",Yes,AFS,58.9790,NO
225458F52,,3301," 3,301,194.92 ",Yes,AFS,63.4760,NO
362341NF2,,2080," 2,079,728.75 ",Yes,AFS,77.2470,NO
61748HJE2,,886," 886,091.51 ",Yes,AFS,75.1170,NO
36242DVK6,,626," 626,242.52 ",Yes,AFS,97.3640,NO
05948XXX4,,332," 332,019.07 ",No,AFS,100.0000,NO
86359BK26,,477," 476,954.95 ",No,AFS,100.0114,NO
16162WRD3,,430," 430,335.37 ",Yes,AFS,50.6290,NO
36228FUN4,,640," 640,309.80 ",No,AFS,99.9997,NO
81375FCP6,,136," 136,197.78 ",No,AFS,100.0000,NO
55265KG29,,14," 13,982.64 ",No,AFS,99.8904,NO
126694HS0,,12565," 12,565,240.30 ",Yes,AFS,62.1530,NO
86359DJV0,,4314," 4,314,473.42 ",Yes,AFS,39.2330,NO
126694EN4,,6308," 6,307,642.70 ",Yes,AFS,59.5080,NO
15132EEB0,US15132EEB02,307," 306,517.40 ",No,AFS,99.9471,NO
74434TQ91,US74434TQ917,188," 188,229.73 ",No,AFS,100.0000,NO
05948XBN0,,206," 206,347.45 ",No,AFS,100.0000,NO
22541SDR6,,1947," 1,946,538.71 ",No,AFS,100.0000,NO
12669FKR3,,770," 770,373.06 ",Yes,AFS,98.1450,NO
05948XUT6,,257," 257,110.30 ",No,AFS,100.0000,NO
05948XKS9,,5733," 5,732,796.63 ",No,AFS,100.0000,NO
05948XEC1,,503," 503,065.24 ",No,AFS,100.0000,NO
059496BD0,US059496BD01,17484," 17,483,986.28 ",Yes,AFS,63.2710,NO
93934FHW5,US93934FHW59,10360," 10,359,902.04 ",Yes,AFS,66.4030,NO
761118GC6,,25135," 25,134,988.24 ",Yes,AFS,60.7640,NO
45660L4W6,US45660L4W61,22389," 22,389,214.65 ",Yes,AFS,72.8775,NO
61748HMH1,US61748HMH11,15579," 15,578,959.35 ",Yes,AFS,61.5095,NO
05948XDX6,,168," 168,497.20 ",No,AFS,100.0000,NO
863579MP0,US863579MP09,11839," 11,838,979.11 ",Yes,AFS,77.8200,NO
45660LUS6,,9270," 9,270,018.72 ",Yes,AFS,68.4990,NO
007036HU3,,4151," 4,151,069.32 ",Yes,AFS,82.0990,NO
12669GWS6,,2548," 2,548,105.18 ",Yes,AFS,74.1650,NO
45660NX42,,795," 794,955.04 ",Yes,AFS,90.8890,NO
22541N4S5,,474," 473,919.45 ",Yes,AFS,97.1361,NO
22541NA90,,266," 265,905.95 ",Yes,AFS,96.3480,NO
12669GWQ0,,6370," 6,370,262.95 ",Yes,AFS,74.1650,NO
456674AA8,US456674AA80,47902," 47,902,405.02 ",Yes,AFS,64.4420,NO
05951EAC1,US05951EAC12,47353," 47,353,245.30 ",Yes,AFS,59.4180,NO
05949CFT8,,8852," 8,851,663.76 ",Yes,AFS,75.3850,NO
59023PAB9,US59023PAB94,41052," 41,051,898.84 ",Yes,AFS,98.7778,NO
073880AA4,US073880AA42,38482," 38,481,735.45 ",Yes,AFS,57.4560,NO
86360BAC2,,39181," 39,180,783.10 ",Yes,AFS,72.8940,NO
76110H7D5,,31331," 31,330,908.62 ",Yes,AFS,75.9350,NO
45661HAJ6,US45661HAJ68,35548," 35,547,855.90 ",Yes,AFS,71.8714,NO
17313FAR3,US17313FAR38,28399," 28,398,643.04 ",Yes,AFS,58.1180,NO
45660GAE0,,27825," 27,824,851.25 ",Yes,AFS,65.4376,NO
466278BD9,US466278BD93,26262," 26,261,923.00 ",Yes,AFS,49.7070,NO
45660L5A3,US45660L5A33,24052," 24,052,267.42 ",Yes,AFS,64.7310,NO
46628UAH1,,24853," 24,852,607.09 ",Yes,AFS,64.7070,NO
590215AB5,US590215AB57,22608," 22,607,986.86 ",Yes,AFS,54.2813,NO
94982HAG2,,33844," 33,843,614.51 ",No,AFS,100.0000,NO
93363PAE0,US93363PAE07,15282," 15,281,996.68 ",Yes,AFS,70.6890,NO
45661EDA9,,16713," 16,712,952.82 ",Yes,AFS,60.9270,NO
12669GBY6,,13394," 13,393,759.00 ",Yes,AFS,85.6880,NO
126694BH0,,13928," 13,927,980.10 ",Yes,AFS,71.8020,NO
126694WH7,US126694WH74,13160," 13,160,380.55 ",Yes,AFS,66.8400,NO
32051GSQ9,,13489," 13,489,100.28 ",Yes,AFS,76.9740,NO
172987AD1,US172987AD17,13538," 13,538,309.05 ",Yes,AFS,66.9560,NO
126694QF8,US126694QF82,11801," 11,800,885.80 ",Yes,AFS,69.2690,NO
46627MBU0,,8736," 8,735,987.99 ",Yes,AFS,66.1120,NO
12669GBA8,US12669GBA85,6356," 6,356,382.55 ",Yes,AFS,84.3590,NO
59022XAC1,US59022XAC11,33995," 33,994,698.20 ",No,AFS,100.0000,NO
65535VSA7,,7763," 7,763,326.59 ",Yes,AFS,59.9630,NO
22541NB32,,1402," 1,401,720.80 ",No,AFS,100.0000,NO
22541NNR6,,486," 486,127.06 ",No,AFS,100.0000,NO
05530WAE7,US05530WAE75,31614," 31,613,522.85 ",Yes,AFS,47.6660,NO
456674AC4,US456674AC47,27496," 27,496,383.05 ",Yes,AFS,58.2130,NO
007034AL5,US007034AL59,30597," 30,597,494.43 ",Yes,AFS,51.6290,NO
75115BAC3,US75115BAC37,28293," 28,292,809.76 ",Yes,AFS,57.9515,NO
456673AC6,US456673AC63,12425," 12,425,435.27 ",Yes,AFS,59.2880,NO
59023CAF9,US59023CAF95,16018," 16,017,550.28 ",Yes,AFS,60.2330,NO
43739ECQ8,,24870," 24,870,103.37 ",Yes,AFS,80.7300,NO
59024WAB3,US59024WAB37,34272," 34,272,017.26 ",Yes,AFS,95.6975,NO
073880AM8,US073880AM89,5833," 5,832,821.47 ",Yes,AFS,50.1170,NO
45254NJB4,,5252," 5,251,592.34 ",No,HTM,100.0000,NO
45254NJF5,,2111," 2,111,140.07 ",No,HTM,100.0000,NO
12668AUQ6,,24096," 24,096,128.60 ",Yes,AFS,70.0670,NO
12668AFG5,US12668AFG58,17703," 17,702,766.41 ",Yes,AFS,51.2396,NO
12668ABM6,,5532," 5,531,936.79 ",Yes,AFS,55.9350,NO
55265WAF0,,700," 699,978.07 ",No,AFS,100.0000,NO
05948XJQ5,,13390," 13,389,516.64 ",No,HTM,100.0000,NO
760985V40,,2638," 2,638,393.83 ",No,HTM,100.0000,NO
760985K34,,2284," 2,283,776.59 ",Yes,AFS,95.0430,NO
362341SB6,,29829," 29,828,500.42 ",No,AFS,100.0000,NO
760985C90,,1473," 1,472,580.74 ",No,HTM,100.0000,NO
52520MCL5,US52520MCL54,21512," 21,512,418.70 ",Yes,AFS,70.2470,NO
760985UR0,,12449," 12,448,655.40 ",Yes,AFS,55.1110,NO
251510HW6,US251510HW64,9289," 9,288,545.23 ",Yes,AFS,63.5570,NO
36185NQ60,,6987," 6,987,213.36 ",No,HTM,100.0000,NO
86359BUD1,,4162," 4,162,007.40 ",Yes,AFS,94.7850,NO
760985WM9,,3271," 3,271,246.61 ",No,HTM,100.0000,NO
76110HDC0,,2749," 2,749,260.80 ",No,HTM,100.2777,NO
07325NCA8,,2322," 2,321,829.72 ",No,HTM,100.0000,NO
76110HDB2,,2001," 2,001,461.84 ",No,HTM,100.2891,NO
59023RAG4,US59023RAG48,29698," 29,698,269.35 ",Yes,AFS,79.3930,NO
251510HN6,US251510HN65,1760," 1,760,491.12 ",Yes,AFS,65.1210,NO
863579DU9,,5725," 5,724,679.34 ",Yes,AFS,84.2720,NO
863579KG2,,4683," 4,682,581.90 ",Yes,AFS,87.1097,NO
863579JD1,,3818," 3,818,038.52 ",Yes,AFS,72.1360,NO
86359BFY2,,2072," 2,071,970.75 ",Yes,AFS,101.0740,NO
86359BKY6,,1670," 1,669,973.69 ",No,AFS,100.0000,NO
86358RR41,,571," 570,580.01 ",Yes,AFS,89.3680,NO
86358RE29,US86358RE294,222," 222,359.15 ",Yes,AFS,93.2410,NO
86359BBR1,,2967," 2,967,462.27 ",No,AFS,100.0000,NO
86359ABP7,,2785," 2,785,250.61 ",Yes,AFS,99.1360,NO
05949CFW1,,25840," 25,839,874.40 ",Yes,AFS,78.1430,NO
86359BXR7,US86359BXR76,2559," 2,558,504.73 ",No,AFS,100.0000,NO
86359ARC9,,1972," 1,971,708.95 ",Yes,AFS,84.6100,NO
86358RX36,,1654," 1,653,650.36 ",Yes,AFS,99.1179,NO
86359A4U4,,1348," 1,347,768.32 ",No,AFS,99.9598,NO
86359ABR3,US86359ABR32,1214," 1,214,145.84 ",Yes,AFS,99.1360,NO
86359AXD0,,1149," 1,149,054.41 ",Yes,AFS,93.9240,NO
86359AKJ1,,1125," 1,124,721.09 ",Yes,AFS,92.8250,NO
86359AS20,,912," 911,988.61 ",No,AFS,100.0000,NO
86359ADT7,,865," 865,492.33 ",Yes,AFS,91.8330,NO
86358R5E3,,467," 466,510.76 ",Yes,AFS,93.1480,NO
46629CAB3,US46629CAB37,23884," 23,884,232.30 ",Yes,AFS,69.9400,NO
86358RP43,,364," 363,698.10 ",Yes,AFS,95.6847,NO
863579CB2,,17910," 17,909,911.14 ",Yes,AFS,92.6470,NO
761118LK2,,20290," 20,289,676.39 ",Yes,AFS,64.7670,NO
45660LN88,US45660LN883,15845," 15,844,899.34 ",Yes,AFS,58.1366,NO
576433YQ3,US576433YQ32,12881," 12,880,850.68 ",Yes,AFS,84.9660,NO
45660LLJ6,US45660LLJ60,7700," 7,699,519.25 ",Yes,AFS,59.6630,NO
45660LGQ6,US45660LGQ68,6394," 6,394,401.78 ",Yes,AFS,63.0058,NO
17307GQY7,US17307GQY79,3979," 3,979,349.83 ",Yes,AFS,81.5880,NO
07384M2V3,,3579," 3,579,180.71 ",Yes,AFS,100.0000,NO
05949CHQ2,,19727," 19,727,285.99 ",Yes,AFS,77.1570,NO
22541SEY0,,3229," 3,228,786.84 ",Yes,AFS,99.3365,NO
17307GLW6,,2767," 2,767,359.01 ",Yes,AFS,86.6560,NO
86359A4W0,,2859," 2,859,027.17 ",No,AFS,100.0000,NO
86359BGC9,,2500," 2,500,396.46 ",Yes,AFS,89.8520,NO
22541SXD5,,2513," 2,512,713.00 ",No,AFS,100.0000,NO
12669GUH2,,2833," 2,832,587.46 ",Yes,AFS,62.9580,NO
86359BCK5,,2435," 2,435,134.85 ",Yes,AFS,99.9461,NO
007036AA4,,2430," 2,429,944.20 ",No,AFS,100.0000,NO
576433MT0,US576433MT09,2228," 2,227,674.64 ",Yes,AFS,73.2047,NO
61748HEE7,US61748HEE71,1869," 1,869,496.94 ",Yes,AFS,62.4720,NO
00703QAA0,US00703QAA04,18885," 18,884,778.94 ",Yes,AFS,55.0330,NO
12669GL90,,2017," 2,017,338.40 ",Yes,AFS,69.1360,NO
41161PGG2,,1605," 1,604,575.04 ",Yes,AFS,66.2500,NO
007036GR1,,1623," 1,622,537.35 ",Yes,AFS,73.1220,NO
12669FG80,,1953," 1,952,857.44 ",Yes,AFS,71.7890,NO
576433QS8,,1356," 1,356,131.31 ",No,AFS,100.0000,NO
76110HXP9,US76110HXP99,1202," 1,201,513.36 ",Yes,AFS,81.7810,NO
22541SPA0,,875," 874,809.66 ",Yes,AFS,94.1050,NO
576433LJ3,,760," 759,659.47 ",No,AFS,103.0928,NO
07386HDD0,US07386HDD08,674," 674,381.14 ",No,AFS,100.0000,NO
939336D42,,631," 630,965.22 ",No,AFS,100.0000,NO
05949CBW5,,6309," 6,309,363.32 ",Yes,AFS,85.4010,NO
362341RT8,US362341RT83,15494," 15,493,592.81 ",No,AFS,100.0000,NO
22541NEF2,,627," 626,520.50 ",No,AFS,100.0000,NO
007036BN5,,597," 597,194.35 ",Yes,AFS,97.9510,NO
576433EQ5,,518," 517,908.84 ",No,AFS,100.0000,NO
22541QUR1,,599," 599,391.85 ",Yes,AFS,83.3110,NO
576433LK0,,456," 455,934.13 ",No,AFS,100.0000,NO
07386HFE6,,415," 414,617.25 ",No,AFS,100.0000,NO
07386HDF5,,337," 336,856.38 ",No,AFS,100.0000,NO
576433HF6,,326," 325,997.84 ",No,AFS,100.0000,NO
07386HDZ1,,257," 257,263.75 ",No,AFS,100.0000,NO
45660LDD8,US45660LDD82,232," 232,093.38 ",Yes,AFS,99.0250,NO
05949CMS2,,14912," 14,912,191.15 ",Yes,AFS,81.4880,NO
576433MW3,,132," 131,787.87 ",Yes,AFS,78.5560,NO
86359BEF4,,460," 459,940.30 ",Yes,AFS,100.0000,NO
576433QX7,,5044," 5,043,725.36 ",No,HTM,104.0986,NO
86359BYC9,,35828," 35,828,348.74 ",Yes,AFS,89.2030,NO
45660LF53,US45660LF533,32540," 32,539,832.21 ",Yes,AFS,63.1710,NO
61748HCE9,,13035," 13,035,194.90 ",Yes,AFS,98.7790,NO
12667FZ81,,10158," 10,158,477.01 ",Yes,AFS,56.2670,NO
41161PFU2,,5142," 5,142,155.11 ",Yes,AFS,94.9830,NO
86359AT78,,4461," 4,460,703.71 ",Yes,HTM,96.8175,NO
86359AXL2,,644," 643,643.33 ",No,AFS,100.0000,NO
05950PAD5,US05950PAD50,12723," 12,723,340.55 ",Yes,AFS,60.2980,NO
45660NYL3,,380," 379,762.20 ",Yes,AFS,93.6300,NO
86358RKU0,,122," 121,666.06 ",No,AFS,100.0000,NO
86359BNX5,,1273," 1,272,609.01 ",No,HTM,100.0000,NO
576433LE4,,2851," 2,851,291.12 ",No,HTM,100.0000,NO
86359ABW2,,940," 939,744.46 ",No,AFS,100.0000,NO
760985ZH7,,3216," 3,215,686.89 ",No,HTM,100.0000,NO
760985V65,,4537," 4,536,909.96 ",No,AFS,100.0000,NO
2254585V6,,25150," 25,149,847.72 ",Yes,AFS,41.5980,NO
52521DAC6,US52521DAC65,25893," 25,893,279.31 ",Yes,AFS,36.2380,NO
02147XAP2,,12584," 12,583,662.68 ",Yes,AFS,54.9840,NO
3623414A4,US3623414A44,10919," 10,918,706.14 ",Yes,AFS,72.2840,NO
05953YBM2,US05953YBM21,11316," 11,316,256.80 ",Yes,AFS,61.8270,NO
02152AAS8,US02152AAS87,10357," 10,356,860.91 ",Yes,AFS,60.2430,NO
02147PAD6,US02147PAD69,14034," 14,034,091.29 ",Yes,AFS,53.0920,NO
17310UAB8,US17310UAB89,22993," 22,992,704.77 ",Yes,AFS,60.8580,NO
06050AAG8,US06050AAG85,13576," 13,575,624.21 ",Yes,AFS,49.9990,NO
05530PAP7,US05530PAP71,10395," 10,394,578.15 ",Yes,AFS,46.4820,NO
126670JP4,US126670JP46,11664," 11,663,829.62 ",Yes,AFS,64.8490,NO
07401EAC3,,37038," 37,037,774.30 ",Yes,AFS,55.8500,NO
525221CZ8,US525221CZ89,25488," 25,488,310.64 ",Yes,AFS,52.7170,NO
86362HAA1,US86362HAA14,13112," 13,112,104.32 ",Yes,AFS,51.7730,NO
05949CPG5,,11695," 11,695,138.00 ",Yes,AFS,80.5080,NO
17307G3F3,,11549," 11,548,969.56 ",Yes,AFS,69.5390,NO
02660TFG3,US02660TFG31,10545," 10,544,762.04 ",Yes,AFS,77.9692,NO
055294AA0,,11227," 11,227,454.52 ",Yes,AFS,56.7260,NO
466285AA1,US466285AA15,10709," 10,708,515.60 ",Yes,AFS,55.3730,NO
65537EAA2,US65537EAA29,11392," 11,392,289.99 ",Yes,AFS,53.3150,NO
86362TAA5,US86362TAA51,11299," 11,298,526.24 ",Yes,AFS,56.0100,NO
05530MAA7,US05530MAA71,9828," 9,827,787.94 ",Yes,AFS,54.1300,NO
55028CAA3,US55028CAA36,7569," 7,568,620.08 ",Yes,AFS,56.1940,NO
126670JV1,,6345," 6,345,047.00 ",Yes,AFS,68.4780,NO
25150PAB5,US25150PAB58,7723," 7,722,880.35 ",Yes,AFS,46.0280,NO
59020U2H7,US59020U2H71,10364," 10,363,786.63 ",Yes,AFS,80.8057,NO
25150PAA7,US25150PAA75,7723," 7,722,880.35 ",Yes,AFS,45.7550,NO
17309RAH5,US17309RAH57,32026," 32,026,364.57 ",Yes,AFS,58.2360,NO
93935YAB6,US93935YAB65,27093," 27,092,625.95 ",Yes,AFS,56.1490,NO
466284AC0,,10726," 10,725,512.06 ",Yes,AFS,91.9260,NO
3622ECAC0,US3622ECAC08,17286," 17,285,527.46 ",Yes,AFS,52.2440,NO
93936AAB7,US93936AAB70,13939," 13,938,877.19 ",Yes,AFS,52.9920,NO
65537EAD6,US65537EAD67,13225," 13,225,211.06 ",Yes,AFS,53.3280,NO
55028EAC5,US55028EAC57,9230," 9,229,678.97 ",Yes,AFS,86.7710,NO
36245RAB5,US36245RAB50,19252," 19,251,790.16 ",Yes,AFS,59.0550,NO
59020U4S1,,8987," 8,987,288.17 ",Yes,AFS,100.0000,NO
41162GAA0,US41162GAA04,12914," 12,913,868.88 ",Yes,AFS,57.4760,NO
41161PNQ2,US41161PNQ27,6988," 6,987,967.64 ",Yes,HTM,39.7436,NO
12669GUY5,,3981," 3,981,394.18 ",Yes,HTM,0.7870,NO
12668AUP8,US12668AUP82,30605," 30,605,086.96 ",Yes,AFS,76.4140,NO
02150GBM9,US02150GBM96,31688," 31,688,130.42 ",Yes,AFS,38.6310,NO
05948KK32,,23712," 23,711,523.95 ",Yes,AFS,60.7630,NO
74927XAA0,US74927XAA00,31746," 31,745,620.07 ",Yes,AFS,51.1440,NO
94984TAA7,US94984TAA79,24228," 24,228,281.53 ",Yes,AFS,51.9090,NO
12667GFZ1,,17188," 17,188,103.77 ",Yes,AFS,43.2550,NO
02150HAA4,US02150HAA41,19775," 19,774,979.85 ",Yes,AFS,47.7980,NO
59020UW27,US59020UW273,9948," 9,948,030.75 ",Yes,AFS,83.0490,NO
74161YAR6,US74161YAR62,15597," 15,597,341.18 ",Yes,AFS,60.3110,NO
52521RAQ4,US52521RAQ48,20409," 20,408,749.64 ",Yes,AFS,43.0500,NO
02149JAW6,US02149JAW62,16552," 16,551,871.21 ",Yes,AFS,30.0370,NO
17310SAB3,US17310SAB34,15180," 15,179,596.55 ",Yes,AFS,49.8320,NO
52521LAE4,US52521LAE48,21427," 21,426,756.12 ",Yes,AFS,46.0440,NO
32053GAA1,US32053GAA13,17560," 17,559,538.95 ",Yes,AFS,56.7610,NO
74927WAG9,US74927WAG96,20017," 20,017,059.72 ",Yes,AFS,42.2040,NO
12667F4L6,,12946," 12,945,561.80 ",Yes,AFS,55.2300,NO
761118SG4,,12701," 12,701,348.24 ",Yes,AFS,49.7590,NO
251510DK6,US251510DK62,9930," 9,930,496.08 ",Yes,AFS,43.9490,NO
94983RAD6,US94983RAD61,9173," 9,173,096.60 ",Yes,AFS,77.4230,NO
32051GRS6,,11109," 11,108,969.22 ",Yes,AFS,62.3310,NO
02150FAG5,US02150FAG54,12029," 12,029,200.42 ",Yes,AFS,49.4480,NO
02150FAL4,US02150FAL40,12029," 12,029,200.43 ",Yes,AFS,49.3870,NO
32052DAH4,US32052DAH44,11556," 11,555,862.12 ",Yes,AFS,56.9550,NO
61748HKL4,,7593," 7,593,308.16 ",Yes,AFS,45.6260,NO
45660LSV2,,9362," 9,362,127.69 ",Yes,AFS,44.7130,NO
12668ABR5,,9940," 9,940,174.96 ",Yes,AFS,48.1000,NO
76110HE96,,6849," 6,849,232.41 ",Yes,AFS,58.9500,NO
073879M62,US073879M621,6703," 6,702,697.92 ",Yes,AFS,80.1530,NO
05948KH51,,7686," 7,685,764.84 ",Yes,AFS,61.4300,NO
74958CAB6,US74958CAB63,9567," 9,567,003.87 ",Yes,AFS,67.5650,NO
93934FKV3,,7484," 7,484,366.38 ",Yes,AFS,32.3370,NO
12667GLF8,,5862," 5,862,033.60 ",Yes,AFS,53.3800,NO
32053DAF7,US32053DAF78,8465," 8,465,372.70 ",Yes,AFS,55.4520,NO
12667FE35,,4665," 4,664,908.09 ",Yes,AFS,81.3930,NO
073879MZ8,,3900," 3,900,239.98 ",Yes,AFS,91.9180,NO
76113FAT7,,4299," 4,298,942.33 ",Yes,AFS,36.2540,NO
12667FCL7,,3362," 3,362,265.82 ",Yes,AFS,65.6140,NO
45660N4M4,,2918," 2,917,617.00 ",Yes,AFS,86.2720,NO
073879SU3,US073879SU33,2863," 2,863,488.61 ",Yes,AFS,70.8690,NO
05949CEA0,,5781," 5,780,722.69 ",Yes,AFS,70.3330,NO
92977YBP5,,8384," 8,383,550.03 ",Yes,AFS,87.5750,NO
17307GDX3,,2366," 2,365,561.89 ",No,AFS,100.0000,NO
12667FCC7,,1980," 1,979,922.45 ",Yes,HTM,86.4097,NO
74161BAC9,,2622," 2,621,962.01 ",Yes,AFS,62.2710,NO
45660NSY2,,2199," 2,198,932.17 ",No,HTM,101.2246,NO
61748HFY2,,1904," 1,904,403.50 ",No,HTM,100.3245,NO
12667GKL6,,16749," 16,748,928.04 ",Yes,AFS,68.1090,NO
05951GAC6,US05951GAC69,26072," 26,071,605.30 ",Yes,AFS,62.1250,NO
05953YAJ0,US05953YAJ01,21894," 21,893,772.41 ",Yes,AFS,56.3340,NO
05951UAD3,US05951UAD37,23517," 23,516,850.16 ",Yes,AFS,69.4960,NO
362341MD8,,7490," 7,489,988.82 ",Yes,AFS,84.6620,NO
12667GXS7,,4929," 4,929,104.64 ",Yes,AFS,46.5920,NO
12667GRE5,,4533," 4,533,336.00 ",Yes,AFS,36.4560,NO
32052FAY2,,2765," 2,764,983.27 ",Yes,AFS,45.0200,NO
22541SDU9,US22541SDU96,2373," 2,372,764.45 ",Yes,AFS,91.8480,NO
17307GMC9,US17307GMC95,588," 587,726.69 ",No,AFS,100.0000,NO
02660TFP3,US02660TFP30,3266," 3,266,305.90 ",Yes,AFS,65.8560,NO
30251YAA6,,4750," 4,749,577.04 ",Yes,AFS,80.4620,NO
43739EAQ0,US43739EAQ08,2192," 2,191,661.72 ",Yes,HTM,81.7787,NO
17310RAB5,US17310RAB50,9994," 9,993,514.71 ",Yes,AFS,96.8280,NO
073879A99,US073879A998,11625," 11,625,247.16 ",Yes,AFS,81.0980,NO
92922F4D7,,7236," 7,235,905.82 ",Yes,AFS,80.1750,NO
76112BWX4,,5000," 5,000,000.00 ",No,HTM,100.0000,NO
45254NJM0,,776," 775,549.13 ",No,AFS,100.0000,NO
45254NKL0,US45254NKL00,675," 675,435.04 ",No,HTM,100.0000,NO
45254NGC5,,250," 249,838.95 ",No,AFS,100.0000,NO
000759BY5,,3384," 3,384,220.15 ",Yes,AFS,51.0890,NO
004375AK7,,3491," 3,491,241.68 ",Yes,AFS,95.2696,NO
040104FL0,,1913," 1,913,406.07 ",No,AFS,100.0000,NO
31846LCF1,,508," 507,858.46 ",No,AFS,100.0000,NO
31846LCK0,,36," 36,365.67 ",No,AFS,100.0000,NO
00253CHW0,,37," 37,126.65 ",Yes,AFS,99.0100,NO
94983KAG4,US94983KAG40,5838," 5,838,099.59 ",Yes,AFS,82.4900,NO
126670QV3,US126670QV31,9957," 9,957,232.72 ",Yes,AFS,66.6900,NO
76110WLM6,,5668," 5,668,339.49 ",Yes,AFS,94.5220,NO
152314DQ0,US152314DQ07,3789," 3,788,960.86 ",No,AFS,100.0000,NO
64352VEF4,US64352VEF40,1107," 1,106,715.31 ",No,AFS,100.0000,NO
61913JAN6,,734," 733,650.08 ",No,AFS,100.0000,NO
805564JM4,US805564JM47,431," 430,670.36 ",No,AFS,100.0000,NO
79548KXY9,,1, 544.72 ,No,AFS,100.0000,NO
161546FF8,,11646," 11,646,107.41 ",Yes,AFS,88.2240,NO
161542CN3,US161542CN30,11024," 11,024,310.68 ",No,HTM,100.0000,NO
126671C95,,7306," 7,305,623.96 ",Yes,AFS,80.5400,NO
466247ZB2,,6244," 6,243,765.55 ",Yes,AFS,78.6290,NO
805564NL1,,2690," 2,689,573.84 ",No,HTM,100.0000,NO
22540VWZ1,,1409," 1,409,139.36 ",Yes,AFS,85.7060,NO
64352VAE1,US64352VAE11,1131," 1,130,775.09 ",No,AFS,100.0000,NO
90211EAK1,US90211EAK10,609," 608,552.34 ",Yes,AFS,97.8690,NO
79548KXX1,,228," 228,132.48 ",Yes,AFS,99.9960,NO
76110WRP3,,8485," 8,484,719.52 ",No,HTM,100.0000,NO
126671R40,US126671R404,4300," 4,300,287.77 ",No,AFS,100.0038,NO
00253CGV3,,1509," 1,508,933.55 ",No,AFS,100.0000,NO
12489WGM0,,782," 782,181.34 ",No,AFS,100.0000,NO
12666CAD5,US12666CAD56,25227," 25,227,267.15 ",Yes,AFS,73.1290,NO
94984MAP9,US94984MAP95,5049," 5,049,408.14 ",Yes,AFS,68.5230,NO
07388JAB1,US07388JAB17,10728," 10,727,591.22 ",Yes,AFS,72.8120,NO
12667CAC6,US12667CAC64,9134," 9,134,308.44 ",Yes,AFS,78.8730,NO
46629TAD2,US46629TAD28,6713," 6,713,355.96 ",Yes,AFS,98.6500,NO
40431JAD5,US40431JAD54,12000," 12,000,000.00 ",Yes,AFS,49.7570,NO
9497EBAB5,US9497EBAB58,6059," 6,059,468.15 ",Yes,AFS,84.3440,NO
23243WAC2,US23243WAC29,5769," 5,769,065.86 ",Yes,AFS,78.9910,NO
00075XAE7,US00075XAE76,3279," 3,278,575.87 ",Yes,AFS,80.7710,NO
36245EAD0,US36245EAD04,1868," 1,867,612.31 ",Yes,AFS,94.7760,NO
17309QAC8,US17309QAC87,1150," 1,149,940.50 ",Yes,AFS,99.6690,NO
17309MAB9,US17309MAB90,1541," 1,541,416.94 ",Yes,AFS,92.6400,NO
94981QAU2,US94981QAU22,4519," 4,519,002.48 ",Yes,AFS,93.9230,NO
61746RGK1,,20525," 20,525,316.10 ",No,AFS,100.0000,NO
61746RHS3,,9408," 9,408,046.96 ",No,AFS,100.0000,NO
040104GU9,,3367," 3,366,617.46 ",No,AFS,100.0000,NO
61744CFR2,,792," 791,737.94 ",No,AFS,100.0000,NO
59020UMG7,,22511," 22,511,355.09 ",No,AFS,100.0000,NO
04541GKW1,US04541GKW14,18241," 18,241,332.74 ",No,AFS,100.0000,NO
04541GMC3,US04541GMC32,18308," 18,308,247.56 ",No,AFS,100.0000,NO
03072SG33,,20000," 20,000,000.00 ",No,AFS,100.0000,NO
71085PCS0,,15498," 15,498,000.00 ",No,AFS,100.0000,NO
00764MCF2,,13787," 13,786,822.31 ",No,AFS,100.0000,NO
05948LAN7,US05948LAN73,773," 773,138.48 ",No,AFS,100.0000,NO
76112BTT7,,11500," 11,500,000.00 ",No,AFS,100.0000,NO
152314JD3,,12121," 12,121,001.82 ",No,AFS,100.0000,NO
040104FA4,,12749," 12,749,066.70 ",No,AFS,100.0000,NO
76112BTS9,,9871," 9,871,055.06 ",No,AFS,100.0000,NO
03072SG25,,10000," 10,000,000.00 ",No,AFS,100.0000,NO
35729PJD3,,8750," 8,749,501.22 ",No,AFS,100.0000,NO
61746RHE4,,9929," 9,929,116.71 ",No,AFS,100.0000,NO
7609854G3,,10118," 10,117,904.76 ",Yes,AFS,96.5926,NO
59020UQW8,US59020UQW89,10000," 10,000,000.00 ",Yes,AFS,93.0136,NO
66987XGG4,US66987XGG43,9000," 9,000,000.00 ",No,AFS,100.0000,NO
06050HKQ0,US06050HKQ01,672," 672,475.93 ",No,AFS,100.0000,NO
76112BCM0,,8540," 8,540,252.78 ",No,AFS,100.0000,NO
84751PCY3,,8501," 8,501,494.51 ",No,AFS,100.0000,NO
61744CSW7,,7419," 7,418,565.72 ",No,AFS,100.0000,NO
00764MCT2,,6587," 6,586,868.46 ",No,AFS,100.0000,NO
94980GAP6,,6364," 6,364,488.19 ",No,AFS,100.0000,NO
00764MDG9,,5426," 5,426,455.19 ",No,AFS,100.0000,NO
76112BFH8,,4301," 4,300,681.48 ",No,AFS,100.0000,NO
22541SG28,,3476," 3,476,061.30 ",No,AFS,100.0000,NO
86358EMA1,,3407," 3,406,852.59 ",No,AFS,100.0000,NO
76112BKD1,US76112BKD19,3368," 3,368,000.00 ",No,AFS,100.0000,NO
576433DC7,,306," 305,854.10 ",Yes,AFS,91.6200,NO
94980GAQ4,,2919," 2,918,518.27 ",No,AFS,100.0000,NO
04542BHY1,,2722," 2,722,043.80 ",No,AFS,100.0000,NO
5899292D9,US5899292D91,2119," 2,119,453.67 ",No,AFS,100.0000,NO
03072SKS3,,2252," 2,252,007.38 ",No,AFS,100.0000,NO
86358EFB7,,2074," 2,074,146.88 ",No,AFS,100.0000,NO
152314HE3,,1789," 1,788,726.33 ",No,AFS,100.0000,NO
71085PCR2,,1295," 1,295,004.08 ",No,AFS,100.0000,NO
12558MBC5,,1343," 1,343,363.96 ",No,AFS,100.0000,NO
29445FAY4,,939," 938,568.64 ",No,AFS,100.0000,NO
04541GKY7,US04541GKY79,887," 887,159.82 ",No,AFS,100.0000,NO
058930AA6,,5807," 5,807,477.41 ",Yes,AFS,67.0400,NO
86358RYU5,,252," 251,953.18 ",No,AFS,100.0000,NO
36228FZL3,,818," 817,524.67 ",No,AFS,100.0000,NO
03072SNU5,,720," 720,234.30 ",No,AFS,100.0000,NO
76112BEC0,,257," 256,831.43 ",No,AFS,100.0000,NO
04541GCS9,,362," 362,127.39 ",No,AFS,100.0000,NO
04542BFP2,US04542BFP22,331," 330,860.41 ",Yes,AFS,77.6248,NO
57643LCY0,,246," 246,223.02 ",No,AFS,100.0000,NO
126673JU7,,7047," 7,047,051.56 ",No,AFS,100.0000,NO
126673GQ9,,5894," 5,893,902.14 ",No,AFS,100.0000,NO
126673BD3,US126673BD37,4555," 4,554,607.09 ",No,AFS,100.0000,NO
126673BE1,,4739," 4,739,059.61 ",No,AFS,100.0000,NO
06050HVL9,,51," 50,851.58 ",No,AFS,100.0000,NO
004375BR1,US004375BR15,580," 580,193.42 ",No,AFS,100.0000,NO
004375BS9,US004375BS97,580," 580,192.55 ",No,AFS,100.0000,NO
059522BH4,US059522BH47,30246," 30,245,714.42 ",Yes,AFS,73.7410,NO
86358RYP6,,1223," 1,223,200.24 ",No,AFS,100.0000,NO
05946XH55,US05946XH550,13918," 13,917,577.32 ",Yes,AFS,77.3480,NO
466247CG6,,3309," 3,308,830.81 ",No,AFS,100.0000,NO
59025JAD7,US59025JAD72,33450," 33,450,218.23 ",Yes,AFS,65.8800,NO
59022XAE7,US59022XAE76,2763," 2,763,184.37 ",No,AFS,99.7209,NO
059522BD3,US059522BD33,10871," 10,871,381.03 ",Yes,AFS,78.3400,NO
05949CRS7,US05949CRS79,8403," 8,402,501.47 ",Yes,AFS,69.7830,NO
05949A5Z9,,4827," 4,827,060.88 ",Yes,AFS,80.0030,NO
07386YAC8,,29087," 29,087,490.63 ",Yes,AFS,60.8850,NO
94983CAF4,,1624," 1,624,470.80 ",Yes,AFS,41.9610,NO
76112BGK0,,133," 132,896.80 ",No,AFS,100.0000,NO
126671QN9,,984," 984,117.68 ",No,AFS,100.0000,NO
86359AB93,,5595," 5,594,563.46 ",No,AFS,100.0000,NO
05949CQA7,US05949CQA70,7014," 7,013,651.23 ",Yes,AFS,79.9840,NO
126694K56,,6679," 6,679,432.75 ",Yes,AFS,76.2500,NO
36228FMM5,,204," 204,068.29 ",No,AFS,100.0000,NO
55265KG37,,21," 20,973.91 ",No,AFS,97.1982,NO
05948XGZ8,,20038," 20,038,474.30 ",No,HTM,100.1065,NO
05949CPD2,,4990," 4,989,664.84 ",Yes,AFS,75.7520,NO
161631AJ5,US161631AJ55,2047," 2,047,038.32 ",Yes,AFS,68.1660,NO
16163FAN5,US16163FAN50,651," 628,219.94 ",Yes,AFS,76.7180,NO
22540VLE0,US22540VLE01,981," 980,903.30 ",No,AFS,100.0000,NO
885220GD9,,25041," 25,041,059.64 ",No,AFS,100.0000,NO
12669FXH1,,4168," 4,167,887.63 ",Yes,AFS,96.9770,NO
05949ARP7,,3597," 3,597,450.25 ",No,AFS,100.0000,NO
05949AUS7,,3891," 3,891,489.73 ",No,AFS,100.0000,NO
36185N6M7,,3463," 3,462,849.12 ",Yes,AFS,85.9170,NO
05949AW63,,3992," 3,991,535.84 ",Yes,AFS,69.3420,NO
59020UGT6,US59020UGT60,2650," 2,650,054.89 ",No,AFS,100.0000,NO
05949A4G2,,4959," 4,958,658.91 ",Yes,AFS,82.9640,NO
05949AQZ6,,2955," 2,954,680.20 ",Yes,AFS,90.3790,NO
05949AH52,,2353," 2,352,709.05 ",Yes,AFS,82.1210,NO
36242DFQ1,,2228," 2,228,344.50 ",Yes,AFS,88.7080,NO
05949AHR4,US05949AHR41,1892," 1,892,325.20 ",No,AFS,100.0000,NO
5899294G0,,1655," 1,654,740.46 ",No,AFS,100.0000,NO
12669EHN9,US12669EHN94,1545," 1,545,143.03 ",No,AFS,100.0000,NO
05949AKX7,,1433," 1,433,252.80 ",No,AFS,100.0000,NO
59020UAA3,,1467," 1,466,731.12 ",Yes,AFS,94.3810,NO
05949AY46,,1238," 1,237,888.92 ",Yes,AFS,81.7100,NO
07384MA85,,1112," 1,111,748.65 ",Yes,AFS,92.2360,NO
058928AH5,US058928AH57,4552," 4,551,829.22 ",Yes,AFS,73.2240,NO
12669E6G6,,867," 866,654.14 ",No,AFS,100.0000,NO
949812AA9,,804," 804,169.68 ",No,AFS,100.0000,NO
589929W53,US589929W539,679," 678,712.46 ",No,AFS,100.0000,NO
05948XZB0,,538," 537,555.45 ",No,AFS,100.0000,NO
12669FAR4,,487," 487,029.64 ",Yes,AFS,94.6840,NO
05949AGR5,US05949AGR59,483," 482,500.36 ",No,AFS,100.0000,NO
22541NXT1,,488," 487,777.01 ",Yes,AFS,100.0000,NO
5899293M8,,464," 464,278.62 ",Yes,AFS,96.5060,NO
22541QZP0,,379," 379,264.81 ",No,AFS,100.0000,NO
05948XQ46,,273," 272,597.60 ",No,AFS,100.0000,NO
40538FAE3,,15000," 15,000,000.00 ",No,AFS,97.4814,NO
00084PAS2,,50000," 50,000,000.00 ",No,AFS,100.0000,NO
07131LAA8,,50000," 50,000,000.00 ",No,AFS,99.6390,NO
42983FAJ8,,40000," 40,000,000.00 ",No,AFS,100.0000,NO
46643ABE2,,10000," 10,000,000.00 ",No,AFS,102.9995,NO
04013PAF8,,25000," 25,000,000.00 ",No,AFS,100.0000,NO
590219AE1,US590219AE19," 3,061.00 "," 3,060,867.62 ",Yes,AFS,100.0000,NO
590219AE1,US590219AE19," 39,791.00 "," 39,791,279.82 ",Yes,HTM,100.0000,NO
